# rmin,rmaj,elong,ne,nh,nz,nf,zeff,te,ti,q,btor,zimp,aimp,ahyd,aimass,wexbs,gne,gni,gnh,gnz,gte,gti,gq,gvtor,vtor,gvpol,vpol,gvpar,vpar
# m,m,m^-3,m^-3,m^-3,m^-3,,keV,keV,,Tesla,,,rad/s,,,,m/s,,m/s,,m/s
0.0000e+00,9.9578e-01,1.4780e+00,5.3220e+19,2.6780e+14,3.1860e+18,3.6240e+18,2.2230e+00,1.1600e+00,1.2360e+00,1.3140e+00,5.5490e-01,6.0000e+00,1.2000e+01,2.0000e+00,2.0000e+00,0.0000e+00,1.0000e-06,1.0000e-06,1.0000e-06,1.0000e-06,1.0000e-06,1.0000e-06,1.0000e-06,1.0000e-06,1.1970e+05,1.0000e-06,-1.1590e+03,1.0000e-06,1.1890e+05
4.6020e-03,9.9577e-01,1.4780e+00,5.3200e+19,2.6790e+14,3.1840e+18,3.6190e+18,2.2230e+00,1.1600e+00,1.2350e+00,1.3140e+00,5.5490e-01,6.0000e+00,1.2000e+01,2.0000e+00,2.0000e+00,0.0000e+00,8.7950e-02,-5.6530e-03,-6.5510e-02,1.7690e-01,6.7550e-02,2.8270e-01,5.2150e-02,1.1740e-01,1.1970e+05,-1.5990e+00,-1.1650e+03,1.3520e-01,1.1890e+05
8.5060e-03,9.9575e-01,1.4780e+00,5.3180e+19,2.6800e+14,3.1820e+18,3.6120e+18,2.2220e+00,1.1600e+00,1.2340e+00,1.3140e+00,5.5490e-01,6.0000e+00,1.2000e+01,2.0000e+00,2.0000e+00,0.0000e+00,1.5970e-01,-1.1690e-02,-1.1670e-01,3.2790e-01,1.2060e-01,5.1580e-01,9.4300e-02,2.1320e-01,1.1960e+05,-2.8380e+00,-1.1730e+03,2.4460e-01,1.1880e+05
1.1848e-02,9.9571e-01,1.4780e+00,5.3160e+19,2.6810e+14,3.1800e+18,3.6040e+18,2.2210e+00,1.1590e+00,1.2320e+00,1.3150e+00,5.5480e-01,6.0000e+00,1.2000e+01,2.0000e+00,2.0000e+00,0.0000e+00,2.1710e-01,-1.8020e-02,-1.5490e-01,4.5600e-01,1.6080e-01,7.0470e-01,1.2750e-01,2.8970e-01,1.1950e+05,-3.7570e+00,-1.1830e+03,3.3090e-01,1.1870e+05
1.4763e-02,9.9566e-01,1.4780e+00,5.3130e+19,2.6820e+14,3.1760e+18,3.5940e+18,2.2200e+00,1.1590e+00,1.2300e+00,1.3150e+00,5.5480e-01,6.0000e+00,1.2000e+01,2.0000e+00,2.0000e+00,0.0000e+00,2.6170e-01,-2.4550e-02,-1.8160e-01,5.6390e-01,1.8940e-01,8.5460e-01,1.5280e-01,3.4920e-01,1.1940e+05,-4.3910e+00,-1.1950e+03,3.9700e-01,1.1860e+05
1.7387e-02,9.9559e-01,1.4790e+00,5.3100e+19,2.6830e+14,3.1720e+18,3.5820e+18,2.2180e+00,1.1580e+00,1.2270e+00,1.3150e+00,5.5480e-01,6.0000e+00,1.2000e+01,2.0000e+00,2.0000e+00,0.0000e+00,2.9530e-01,-3.1190e-02,-1.9820e-01,6.5440e-01,2.0810e-01,9.7070e-01,1.7130e-01,3.9400e-01,1.1930e+05,-4.7790e+00,-1.2090e+03,4.4560e-01,1.1850e+05
1.9855e-02,9.9551e-01,1.4790e+00,5.3060e+19,2.6850e+14,3.1670e+18,3.5680e+18,2.2160e+00,1.1570e+00,1.2240e+00,1.3160e+00,5.5470e-01,6.0000e+00,1.2000e+01,2.0000e+00,2.0000e+00,0.0000e+00,3.1970e-01,-3.7830e-02,-2.0600e-01,7.3050e-01,2.1840e-01,1.0580e+00,1.8410e-01,4.2650e-01,1.1920e+05,-4.9570e+00,-1.2240e+03,4.7920e-01,1.1840e+05
2.2303e-02,9.9542e-01,1.4790e+00,5.3010e+19,2.6860e+14,3.1610e+18,3.5530e+18,2.2140e+00,1.1570e+00,1.2210e+00,1.3170e+00,5.5470e-01,6.0000e+00,1.2000e+01,2.0000e+00,2.0000e+00,0.0000e+00,3.3650e-01,-4.4400e-02,-2.0660e-01,7.9500e-01,2.2180e-01,1.1230e+00,1.9210e-01,4.4900e-01,1.1910e+05,-4.9640e+00,-1.2400e+03,5.0080e-01,1.1820e+05
2.4867e-02,9.9530e-01,1.4790e+00,5.2960e+19,2.6880e+14,3.1540e+18,3.5370e+18,2.2110e+00,1.1560e+00,1.2170e+00,1.3170e+00,5.5460e-01,6.0000e+00,1.2000e+01,2.0000e+00,2.0000e+00,0.0000e+00,3.4750e-01,-5.0800e-02,-2.0120e-01,8.5060e-01,2.1970e-01,1.1700e+00,1.9660e-01,4.6390e-01,1.1890e+05,-4.8370e+00,-1.2580e+03,5.1290e-01,1.1810e+05
2.7681e-02,9.9518e-01,1.4800e+00,5.2910e+19,2.6890e+14,3.1450e+18,3.5190e+18,2.2070e+00,1.1550e+00,1.2130e+00,1.3180e+00,5.5450e-01,6.0000e+00,1.2000e+01,2.0000e+00,2.0000e+00,0.0000e+00,3.5450e-01,-5.6920e-02,-1.9130e-01,9.0030e-01,2.1380e-01,1.2040e+00,1.9840e-01,4.7330e-01,1.1880e+05,-4.6120e+00,-1.2760e+03,5.1840e-01,1.1790e+05
3.0883e-02,9.9504e-01,1.4800e+00,5.2840e+19,2.6910e+14,3.1360e+18,3.4990e+18,2.2020e+00,1.1540e+00,1.2080e+00,1.3190e+00,5.5450e-01,6.0000e+00,1.2000e+01,2.0000e+00,2.0000e+00,0.0000e+00,3.5910e-01,-6.2690e-02,-1.7830e-01,9.4690e-01,2.0540e-01,1.2300e+00,1.9880e-01,4.7970e-01,1.1860e+05,-4.3290e+00,-1.2950e+03,5.2000e-01,1.1770e+05
3.4565e-02,9.9488e-01,1.4800e+00,5.2770e+19,2.6930e+14,3.1240e+18,3.4770e+18,2.1970e+00,1.1540e+00,1.2020e+00,1.3200e+00,5.5440e-01,6.0000e+00,1.2000e+01,2.0000e+00,2.0000e+00,0.0000e+00,3.6300e-01,-6.8000e-02,-1.6340e-01,9.9320e-01,1.9600e-01,1.2550e+00,1.9860e-01,4.8530e-01,1.1840e+05,-4.0200e+00,-1.3140e+03,5.2020e-01,1.1740e+05
3.8663e-02,9.9471e-01,1.4810e+00,5.2700e+19,2.6940e+14,3.1120e+18,3.4550e+18,2.1910e+00,1.1530e+00,1.1960e+00,1.3210e+00,5.5430e-01,6.0000e+00,1.2000e+01,2.0000e+00,2.0000e+00,0.0000e+00,3.6790e-01,-7.2750e-02,-1.4760e-01,1.0420e+00,1.8670e-01,1.2820e+00,1.9900e-01,4.9240e-01,1.1810e+05,-3.7040e+00,-1.3340e+03,5.2160e-01,1.1720e+05
4.3067e-02,9.9453e-01,1.4810e+00,5.2620e+19,2.6960e+14,3.0980e+18,3.4300e+18,2.1850e+00,1.1520e+00,1.1900e+00,1.3220e+00,5.5420e-01,6.0000e+00,1.2000e+01,2.0000e+00,2.0000e+00,0.0000e+00,3.7520e-01,-7.6820e-02,-1.3140e-01,1.0970e+00,1.7860e-01,1.3170e+00,2.0060e-01,5.0300e-01,1.1790e+05,-3.3970e+00,-1.3540e+03,5.2650e-01,1.1690e+05
4.7669e-02,9.9433e-01,1.4810e+00,5.2530e+19,2.6970e+14,3.0820e+18,3.4050e+18,2.1770e+00,1.1510e+00,1.1830e+00,1.3230e+00,5.5410e-01,6.0000e+00,1.2000e+01,2.0000e+00,2.0000e+00,0.0000e+00,3.8650e-01,-8.0090e-02,-1.1550e-01,1.1610e+00,1.7260e-01,1.3640e+00,2.0460e-01,5.1930e-01,1.1760e+05,-3.1140e+00,-1.3740e+03,5.3720e-01,1.1670e+05
5.2363e-02,9.9412e-01,1.4820e+00,5.2430e+19,2.6990e+14,3.0650e+18,3.3780e+18,2.1690e+00,1.1500e+00,1.1750e+00,1.3250e+00,5.5400e-01,6.0000e+00,1.2000e+01,2.0000e+00,2.0000e+00,0.0000e+00,4.0330e-01,-8.2460e-02,-1.0060e-01,1.2380e+00,1.6970e-01,1.4270e+00,2.1170e-01,5.4350e-01,1.1730e+05,-2.8700e+00,-1.3940e+03,5.5610e-01,1.1640e+05
5.7057e-02,9.9389e-01,1.4820e+00,5.2330e+19,2.7000e+14,3.0470e+18,3.3490e+18,2.1600e+00,1.1490e+00,1.1670e+00,1.3260e+00,5.5380e-01,6.0000e+00,1.2000e+01,2.0000e+00,2.0000e+00,0.0000e+00,4.2670e-01,-8.3710e-02,-8.7140e-02,1.3280e+00,1.7060e-01,1.5110e+00,2.2250e-01,5.7690e-01,1.1700e+05,-2.6760e+00,-1.4120e+03,5.8480e-01,1.1610e+05
6.1725e-02,9.9365e-01,1.4820e+00,5.2220e+19,2.7010e+14,3.0270e+18,3.3200e+18,2.1500e+00,1.1480e+00,1.1580e+00,1.3270e+00,5.5370e-01,6.0000e+00,1.2000e+01,2.0000e+00,2.0000e+00,0.0000e+00,4.5540e-01,-8.3290e-02,-7.4410e-02,1.4270e+00,1.7480e-01,1.6090e+00,2.3660e-01,6.1830e-01,1.1670e+05,-2.5170e+00,-1.4300e+03,6.2180e-01,1.1570e+05
6.6357e-02,9.9339e-01,1.4820e+00,5.2100e+19,2.7020e+14,3.0060e+18,3.2890e+18,2.1400e+00,1.1470e+00,1.1490e+00,1.3290e+00,5.5360e-01,6.0000e+00,1.2000e+01,2.0000e+00,2.0000e+00,0.0000e+00,4.8780e-01,-8.0520e-02,-6.1480e-02,1.5290e+00,1.8120e-01,1.7150e+00,2.5320e-01,6.6540e-01,1.1640e+05,-2.3730e+00,-1.4480e+03,6.6480e-01,1.1540e+05
7.0945e-02,9.9312e-01,1.4830e+00,5.1980e+19,2.7030e+14,2.9840e+18,3.2560e+18,2.1290e+00,1.1460e+00,1.1400e+00,1.3310e+00,5.5340e-01,6.0000e+00,1.2000e+01,2.0000e+00,2.0000e+00,0.0000e+00,5.2210e-01,-7.4770e-02,-4.7380e-02,1.6290e+00,1.8910e-01,1.8210e+00,2.7150e-01,7.1610e-01,1.1600e+05,-2.2250e+00,-1.4630e+03,7.1170e-01,1.1500e+05
7.5477e-02,9.9284e-01,1.4830e+00,5.1850e+19,2.7030e+14,2.9610e+18,3.2230e+18,2.1180e+00,1.1450e+00,1.1300e+00,1.3320e+00,5.5320e-01,6.0000e+00,1.2000e+01,2.0000e+00,2.0000e+00,0.0000e+00,5.5650e-01,-6.5360e-02,-3.1180e-02,1.7200e+00,1.9750e-01,1.9220e+00,2.9060e-01,7.6840e-01,1.1560e+05,-2.0540e+00,-1.4780e+03,7.6010e-01,1.1460e+05
7.9948e-02,9.9254e-01,1.4830e+00,5.1720e+19,2.7030e+14,2.9380e+18,3.1880e+18,2.1060e+00,1.1440e+00,1.1200e+00,1.3340e+00,5.5310e-01,6.0000e+00,1.2000e+01,2.0000e+00,2.0000e+00,0.0000e+00,5.8970e-01,-5.1760e-02,-1.2160e-02,1.7960e+00,2.0560e-01,2.0100e+00,3.1000e-01,8.2050e-01,1.1520e+05,-1.8440e+00,-1.4910e+03,8.0820e-01,1.1420e+05
8.4362e-02,9.9223e-01,1.4830e+00,5.1580e+19,2.7030e+14,2.9140e+18,3.1530e+18,2.0950e+00,1.1430e+00,1.1100e+00,1.3360e+00,5.5290e-01,6.0000e+00,1.2000e+01,2.0000e+00,2.0000e+00,0.0000e+00,6.2120e-01,-3.3860e-02,9.4320e-03,1.8560e+00,2.1360e-01,2.0840e+00,3.2960e-01,8.7200e-01,1.1470e+05,-1.5990e+00,-1.5030e+03,8.5580e-01,1.1380e+05
8.8727e-02,9.9190e-01,1.4830e+00,5.1440e+19,2.7030e+14,2.8890e+18,3.1160e+18,2.0830e+00,1.1420e+00,1.1000e+00,1.3380e+00,5.5270e-01,6.0000e+00,1.2000e+01,2.0000e+00,2.0000e+00,0.0000e+00,6.5060e-01,-1.1670e-02,3.3140e-02,1.8970e+00,2.2150e-01,2.1420e+00,3.4950e-01,9.2280e-01,1.1430e+05,-1.3260e+00,-1.5120e+03,9.0300e-01,1.1340e+05
9.3050e-02,9.9156e-01,1.4830e+00,5.1290e+19,2.7030e+14,2.8650e+18,3.0780e+18,2.0710e+00,1.1410e+00,1.0890e+00,1.3400e+00,5.5250e-01,6.0000e+00,1.2000e+01,2.0000e+00,2.0000e+00,0.0000e+00,6.7770e-01,1.4790e-02,5.8480e-02,1.9170e+00,2.2970e-01,2.1840e+00,3.6980e-01,9.7270e-01,1.1380e+05,-1.0330e+00,-1.5200e+03,9.4980e-01,1.1290e+05
9.7338e-02,9.9121e-01,1.4830e+00,5.1130e+19,2.7020e+14,2.8410e+18,3.0400e+18,2.0600e+00,1.1400e+00,1.0790e+00,1.3420e+00,5.5230e-01,6.0000e+00,1.2000e+01,2.0000e+00,2.0000e+00,0.0000e+00,7.0230e-01,4.5500e-02,8.4990e-02,1.9130e+00,2.3820e-01,2.2080e+00,3.9070e-01,1.0220e+00,1.1330e+05,-7.2850e-01,-1.5260e+03,9.9640e-01,1.1240e+05
1.0160e-01,9.9084e-01,1.4840e+00,5.0980e+19,2.7010e+14,2.8180e+18,3.0000e+18,2.0490e+00,1.1390e+00,1.0680e+00,1.3450e+00,5.5210e-01,6.0000e+00,1.2000e+01,2.0000e+00,2.0000e+00,0.0000e+00,7.2410e-01,8.0360e-02,1.1230e-01,1.8850e+00,2.4730e-01,2.2120e+00,4.1230e-01,1.0700e+00,1.1280e+05,-4.1810e-01,-1.5300e+03,1.0430e+00,1.1190e+05
1.0583e-01,9.9046e-01,1.4840e+00,5.0820e+19,2.6990e+14,2.7950e+18,2.9600e+18,2.0380e+00,1.1370e+00,1.0580e+00,1.3470e+00,5.5190e-01,6.0000e+00,1.2000e+01,2.0000e+00,2.0000e+00,0.0000e+00,7.4300e-01,1.1880e-01,1.4010e-01,1.8320e+00,2.5680e-01,2.1990e+00,4.3460e-01,1.1170e+00,1.1230e+05,-1.0390e-01,-1.5320e+03,1.0900e+00,1.1140e+05
1.1005e-01,9.9007e-01,1.4840e+00,5.0650e+19,2.6980e+14,2.7730e+18,2.9190e+18,2.0290e+00,1.1360e+00,1.0480e+00,1.3500e+00,5.5170e-01,6.0000e+00,1.2000e+01,2.0000e+00,2.0000e+00,0.0000e+00,7.5870e-01,1.6020e-01,1.6830e-01,1.7570e+00,2.6660e-01,2.1690e+00,4.5760e-01,1.1640e+00,1.1170e+05,2.1360e-01,-1.5310e+03,1.1360e+00,1.1090e+05
1.1424e-01,9.8967e-01,1.4840e+00,5.0490e+19,2.6950e+14,2.7530e+18,2.8780e+18,2.0200e+00,1.1350e+00,1.0390e+00,1.3520e+00,5.5150e-01,6.0000e+00,1.2000e+01,2.0000e+00,2.0000e+00,0.0000e+00,7.7090e-01,2.0390e-01,1.9680e-01,1.6600e+00,2.7640e-01,2.1230e+00,4.8130e-01,1.2090e+00,1.1120e+05,5.3380e-01,-1.5290e+03,1.1820e+00,1.1040e+05
1.1842e-01,9.8925e-01,1.4840e+00,5.0320e+19,2.6930e+14,2.7340e+18,2.8360e+18,2.0120e+00,1.1330e+00,1.0300e+00,1.3550e+00,5.5120e-01,6.0000e+00,1.2000e+01,2.0000e+00,2.0000e+00,0.0000e+00,7.7960e-01,2.4920e-01,2.2530e-01,1.5430e+00,2.8600e-01,2.0620e+00,5.0570e-01,1.2540e+00,1.1060e+05,8.5620e-01,-1.5240e+03,1.2280e+00,1.0980e+05
1.2258e-01,9.8881e-01,1.4840e+00,5.0160e+19,2.6900e+14,2.7170e+18,2.7930e+18,2.0060e+00,1.1320e+00,1.0210e+00,1.3580e+00,5.5100e-01,6.0000e+00,1.2000e+01,2.0000e+00,2.0000e+00,0.0000e+00,7.8450e-01,2.9540e-01,2.5390e-01,1.4070e+00,2.9540e-01,1.9880e+00,5.3090e-01,1.2980e+00,1.1000e+05,1.1800e+00,-1.5180e+03,1.2750e+00,1.0920e+05
1.2673e-01,9.8837e-01,1.4840e+00,4.9990e+19,2.6870e+14,2.7020e+18,2.7500e+18,2.0010e+00,1.1310e+00,1.0130e+00,1.3610e+00,5.5080e-01,6.0000e+00,1.2000e+01,2.0000e+00,2.0000e+00,0.0000e+00,7.8550e-01,3.4190e-01,2.8210e-01,1.2550e+00,3.0440e-01,1.9020e+00,5.5670e-01,1.3410e+00,1.0940e+05,1.5040e+00,-1.5090e+03,1.3210e+00,1.0860e+05
1.3087e-01,9.8791e-01,1.4840e+00,4.9820e+19,2.6840e+14,2.6890e+18,2.7060e+18,1.9970e+00,1.1290e+00,1.0050e+00,1.3640e+00,5.5050e-01,6.0000e+00,1.2000e+01,2.0000e+00,2.0000e+00,0.0000e+00,7.8270e-01,3.8770e-01,3.0980e-01,1.0900e+00,3.1280e-01,1.8090e+00,5.8320e-01,1.3840e+00,1.0880e+05,1.8270e+00,-1.4990e+03,1.3670e+00,1.0800e+05
1.3499e-01,9.8745e-01,1.4840e+00,4.9660e+19,2.6800e+14,2.6770e+18,2.6620e+18,1.9940e+00,1.1280e+00,9.9740e-01,1.3680e+00,5.5020e-01,6.0000e+00,1.2000e+01,2.0000e+00,2.0000e+00,0.0000e+00,7.7590e-01,4.3220e-01,3.3660e-01,9.1420e-01,3.2070e-01,1.7090e+00,6.1030e-01,1.4270e+00,1.0810e+05,2.1470e+00,-1.4860e+03,1.4130e+00,1.0740e+05
1.3910e-01,9.8697e-01,1.4840e+00,4.9500e+19,2.6760e+14,2.6680e+18,2.6180e+18,1.9930e+00,1.1260e+00,9.9050e-01,1.3710e+00,5.5000e-01,6.0000e+00,1.2000e+01,2.0000e+00,2.0000e+00,0.0000e+00,7.6530e-01,4.7460e-01,3.6240e-01,7.3160e-01,3.2780e-01,1.6060e+00,6.3800e-01,1.4700e+00,1.0750e+05,2.4620e+00,-1.4720e+03,1.4590e+00,1.0680e+05
1.4320e-01,9.8648e-01,1.4840e+00,4.9350e+19,2.6720e+14,2.6610e+18,2.5730e+18,1.9940e+00,1.1250e+00,9.8410e-01,1.3750e+00,5.4970e-01,6.0000e+00,1.2000e+01,2.0000e+00,2.0000e+00,0.0000e+00,7.5070e-01,5.1420e-01,3.8690e-01,5.4480e-01,3.3420e-01,1.5020e+00,6.6620e-01,1.5130e+00,1.0680e+05,2.7720e+00,-1.4560e+03,1.5060e+00,1.0610e+05
1.4728e-01,9.8598e-01,1.4840e+00,4.9190e+19,2.6680e+14,2.6560e+18,2.5280e+18,1.9950e+00,1.1230e+00,9.7830e-01,1.3790e+00,5.4940e-01,6.0000e+00,1.2000e+01,2.0000e+00,2.0000e+00,0.0000e+00,7.3240e-01,5.5020e-01,4.0970e-01,3.5610e-01,3.3990e-01,1.4000e+00,6.9480e-01,1.5570e+00,1.0620e+05,3.0750e+00,-1.4380e+03,1.5530e+00,1.0540e+05
1.5136e-01,9.8547e-01,1.4850e+00,4.9050e+19,2.6630e+14,2.6530e+18,2.4830e+18,1.9980e+00,1.1210e+00,9.7290e-01,1.3830e+00,5.4910e-01,6.0000e+00,1.2000e+01,2.0000e+00,2.0000e+00,0.0000e+00,7.1030e-01,5.8230e-01,4.3080e-01,1.6800e-01,3.4470e-01,1.3000e+00,7.2360e-01,1.6020e+00,1.0550e+05,3.3720e+00,-1.4190e+03,1.6000e+00,1.0470e+05
1.5543e-01,9.8496e-01,1.4850e+00,4.8900e+19,2.6580e+14,2.6530e+18,2.4370e+18,2.0020e+00,1.1200e+00,9.6790e-01,1.3870e+00,5.4890e-01,6.0000e+00,1.2000e+01,2.0000e+00,2.0000e+00,0.0000e+00,6.8460e-01,6.0990e-01,4.4980e-01,-1.7130e-02,3.4890e-01,1.2060e+00,7.5270e-01,1.6480e+00,1.0480e+05,3.6620e+00,-1.3980e+03,1.6480e+00,1.0400e+05
1.5949e-01,9.8443e-01,1.4850e+00,4.8770e+19,2.6530e+14,2.6540e+18,2.3920e+18,2.0080e+00,1.1180e+00,9.6330e-01,1.3920e+00,5.4860e-01,6.0000e+00,1.2000e+01,2.0000e+00,2.0000e+00,0.0000e+00,6.5540e-01,6.3240e-01,4.6660e-01,-1.9700e-01,3.5220e-01,1.1190e+00,7.8170e-01,1.6940e+00,1.0400e+05,3.9440e+00,-1.3770e+03,1.6960e+00,1.0330e+05
1.6354e-01,9.8389e-01,1.4850e+00,4.8640e+19,2.6480e+14,2.6570e+18,2.3460e+18,2.0150e+00,1.1170e+00,9.5910e-01,1.3960e+00,5.4830e-01,6.0000e+00,1.2000e+01,2.0000e+00,2.0000e+00,0.0000e+00,6.2280e-01,6.4940e-01,4.8090e-01,-3.6940e-01,3.5490e-01,1.0400e+00,8.1070e-01,1.7420e+00,1.0330e+05,4.2180e+00,-1.3540e+03,1.7440e+00,1.0260e+05
1.6758e-01,9.8335e-01,1.4860e+00,4.8520e+19,2.6430e+14,2.6620e+18,2.3000e+18,2.0230e+00,1.1150e+00,9.5520e-01,1.4010e+00,5.4800e-01,6.0000e+00,1.2000e+01,2.0000e+00,2.0000e+00,0.0000e+00,5.8700e-01,6.6060e-01,4.9240e-01,-5.3330e-01,3.5700e-01,9.7130e-01,8.3960e-01,1.7920e+00,1.0260e+05,4.4840e+00,-1.3290e+03,1.7930e+00,1.0190e+05
1.7161e-01,9.8279e-01,1.4860e+00,4.8410e+19,2.6370e+14,2.6690e+18,2.2540e+18,2.0310e+00,1.1130e+00,9.5150e-01,1.4060e+00,5.4760e-01,6.0000e+00,1.2000e+01,2.0000e+00,2.0000e+00,0.0000e+00,5.4830e-01,6.6600e-01,5.0100e-01,-6.8800e-01,3.5870e-01,9.1200e-01,8.6820e-01,1.8430e+00,1.0180e+05,4.7420e+00,-1.3040e+03,1.8410e+00,1.0110e+05
1.7563e-01,9.8223e-01,1.4870e+00,4.8300e+19,2.6320e+14,2.6770e+18,2.2080e+18,2.0410e+00,1.1120e+00,9.4810e-01,1.4110e+00,5.4730e-01,6.0000e+00,1.2000e+01,2.0000e+00,2.0000e+00,0.0000e+00,5.0690e-01,6.6530e-01,5.0660e-01,-8.3260e-01,3.6020e-01,8.6300e-01,8.9650e-01,1.8960e+00,1.0100e+05,4.9910e+00,-1.2790e+03,1.8900e+00,1.0030e+05
1.7964e-01,9.8165e-01,1.4870e+00,4.8200e+19,2.6260e+14,2.6870e+18,2.1630e+18,2.0520e+00,1.1100e+00,9.4490e-01,1.4160e+00,5.4700e-01,6.0000e+00,1.2000e+01,2.0000e+00,2.0000e+00,0.0000e+00,4.6310e-01,6.5860e-01,5.0870e-01,-9.6640e-01,3.6170e-01,8.2460e-01,9.2450e-01,1.9500e+00,1.0020e+05,5.2310e+00,-1.2520e+03,1.9390e+00,9.9550e+04
1.8364e-01,9.8107e-01,1.4870e+00,4.8120e+19,2.6210e+14,2.6990e+18,2.1170e+18,2.0630e+00,1.1080e+00,9.4190e-01,1.4220e+00,5.4670e-01,6.0000e+00,1.2000e+01,2.0000e+00,2.0000e+00,0.0000e+00,4.1700e-01,6.4560e-01,5.0740e-01,-1.0890e+00,3.6330e-01,7.9700e-01,9.5210e-01,2.0060e+00,9.9430e+04,5.4610e+00,-1.2250e+03,1.9880e+00,9.8750e+04
1.8764e-01,9.8048e-01,1.4880e+00,4.8040e+19,2.6150e+14,2.7110e+18,2.0710e+18,2.0750e+00,1.1070e+00,9.3890e-01,1.4270e+00,5.4640e-01,6.0000e+00,1.2000e+01,2.0000e+00,2.0000e+00,0.0000e+00,3.6900e-01,6.2650e-01,5.0230e-01,-1.1990e+00,3.6520e-01,7.7970e-01,9.7930e-01,2.0640e+00,9.8610e+04,5.6820e+00,-1.1970e+03,2.0380e+00,9.7950e+04
1.9162e-01,9.7988e-01,1.4880e+00,4.7970e+19,2.6100e+14,2.7250e+18,2.0250e+18,2.0870e+00,1.1050e+00,9.3600e-01,1.4330e+00,5.4600e-01,6.0000e+00,1.2000e+01,2.0000e+00,2.0000e+00,0.0000e+00,3.1930e-01,6.0140e-01,4.9350e-01,-1.2990e+00,3.6770e-01,7.7210e-01,1.0060e+00,2.1230e+00,9.7770e+04,5.8930e+00,-1.1690e+03,2.0860e+00,9.7130e+04
1.9560e-01,9.7927e-01,1.4890e+00,4.7920e+19,2.6050e+14,2.7400e+18,1.9790e+18,2.1000e+00,1.1030e+00,9.3310e-01,1.4390e+00,5.4570e-01,6.0000e+00,1.2000e+01,2.0000e+00,2.0000e+00,0.0000e+00,2.6810e-01,5.7060e-01,4.8080e-01,-1.3860e+00,3.7080e-01,7.7340e-01,1.0330e+00,2.1820e+00,9.6920e+04,6.0940e+00,-1.1410e+03,2.1350e+00,9.6300e+04
1.9957e-01,9.7865e-01,1.4890e+00,4.7870e+19,2.6000e+14,2.7560e+18,1.9340e+18,2.1130e+00,1.1020e+00,9.3020e-01,1.4450e+00,5.4530e-01,6.0000e+00,1.2000e+01,2.0000e+00,2.0000e+00,0.0000e+00,2.1580e-01,5.3420e-01,4.6400e-01,-1.4630e+00,3.7490e-01,7.8300e-01,1.0590e+00,2.2430e+00,9.6050e+04,6.2840e+00,-1.1130e+03,2.1830e+00,9.5460e+04
2.0353e-01,9.7802e-01,1.4900e+00,4.7830e+19,2.5950e+14,2.7730e+18,1.8880e+18,2.1270e+00,1.1000e+00,9.2720e-01,1.4510e+00,5.4500e-01,6.0000e+00,1.2000e+01,2.0000e+00,2.0000e+00,0.0000e+00,1.6260e-01,4.9230e-01,4.4320e-01,-1.5270e+00,3.7990e-01,8.0030e-01,1.0860e+00,2.3050e+00,9.5170e+04,6.4640e+00,-1.0840e+03,2.2300e+00,9.4610e+04
2.0748e-01,9.7739e-01,1.4900e+00,4.7810e+19,2.5900e+14,2.7910e+18,1.8430e+18,2.1400e+00,1.0980e+00,9.2420e-01,1.4580e+00,5.4460e-01,6.0000e+00,1.2000e+01,2.0000e+00,2.0000e+00,0.0000e+00,1.0880e-01,4.4530e-01,4.1820e-01,-1.5810e+00,3.8610e-01,8.2410e-01,1.1120e+00,2.3660e+00,9.4280e+04,6.6310e+00,-1.0560e+03,2.2760e+00,9.3750e+04
2.1143e-01,9.7675e-01,1.4910e+00,4.7790e+19,2.5860e+14,2.8090e+18,1.7980e+18,2.1540e+00,1.0970e+00,9.2110e-01,1.4640e+00,5.4430e-01,6.0000e+00,1.2000e+01,2.0000e+00,2.0000e+00,0.0000e+00,5.4520e-02,3.9360e-01,3.8930e-01,-1.6230e+00,3.9350e-01,8.5350e-01,1.1390e+00,2.4280e+00,9.3370e+04,6.7860e+00,-1.0280e+03,2.3210e+00,9.2880e+04
2.1536e-01,9.7610e-01,1.4910e+00,4.7780e+19,2.5820e+14,2.8280e+18,1.7530e+18,2.1670e+00,1.0950e+00,9.1790e-01,1.4710e+00,5.4390e-01,6.0000e+00,1.2000e+01,2.0000e+00,2.0000e+00,0.0000e+00,6.8120e-05,3.3740e-01,3.5630e-01,-1.6550e+00,4.0200e-01,8.8760e-01,1.1660e+00,2.4880e+00,9.2450e+04,6.9270e+00,-9.9950e+02,2.3650e+00,9.2010e+04
2.1929e-01,9.7544e-01,1.4920e+00,4.7790e+19,2.5790e+14,2.8470e+18,1.7080e+18,2.1800e+00,1.0930e+00,9.1460e-01,1.4780e+00,5.4350e-01,6.0000e+00,1.2000e+01,2.0000e+00,2.0000e+00,0.0000e+00,-5.4340e-02,2.7710e-01,3.1940e-01,-1.6770e+00,4.1190e-01,9.2520e-01,1.1940e+00,2.5480e+00,9.1510e+04,7.0540e+00,-9.7160e+02,2.4070e+00,9.1130e+04
2.2321e-01,9.7477e-01,1.4920e+00,4.7810e+19,2.5760e+14,2.8660e+18,1.6640e+18,2.1930e+00,1.0910e+00,9.1110e-01,1.4850e+00,5.4320e-01,6.0000e+00,1.2000e+01,2.0000e+00,2.0000e+00,0.0000e+00,-1.0850e-01,2.1310e-01,2.7870e-01,-1.6880e+00,4.2300e-01,9.6550e-01,1.2230e+00,2.6060e+00,9.0570e+04,7.1650e+00,-9.4420e+02,2.4470e+00,9.0240e+04
2.2712e-01,9.7410e-01,1.4930e+00,4.7830e+19,2.5730e+14,2.8860e+18,1.6200e+18,2.2060e+00,1.0890e+00,9.0750e-01,1.4930e+00,5.4280e-01,6.0000e+00,1.2000e+01,2.0000e+00,2.0000e+00,0.0000e+00,-1.6220e-01,1.4580e-01,2.3450e-01,-1.6890e+00,4.3540e-01,1.0070e+00,1.2520e+00,2.6610e+00,8.9620e+04,7.2590e+00,-9.1720e+02,2.4850e+00,8.9350e+04
2.3103e-01,9.7342e-01,1.4930e+00,4.7870e+19,2.5710e+14,2.9060e+18,1.5760e+18,2.2180e+00,1.0880e+00,9.0380e-01,1.5000e+00,5.4240e-01,6.0000e+00,1.2000e+01,2.0000e+00,2.0000e+00,0.0000e+00,-2.1530e-01,7.5920e-02,1.8700e-01,-1.6820e+00,4.4910e-01,1.0500e+00,1.2840e+00,2.7140e+00,8.8650e+04,7.3320e+00,-8.9060e+02,2.5210e+00,8.8460e+04
2.3492e-01,9.7274e-01,1.4940e+00,4.7910e+19,2.5690e+14,2.9250e+18,1.5330e+18,2.2300e+00,1.0860e+00,8.9990e-01,1.5080e+00,5.4200e-01,6.0000e+00,1.2000e+01,2.0000e+00,2.0000e+00,0.0000e+00,-2.6760e-01,3.8320e-03,1.3670e-01,-1.6670e+00,4.6380e-01,1.0930e+00,1.3160e+00,2.7640e+00,8.7680e+04,7.3830e+00,-8.6470e+02,2.5540e+00,8.7560e+04
2.3881e-01,9.7205e-01,1.4940e+00,4.7970e+19,2.5680e+14,2.9450e+18,1.4900e+18,2.2410e+00,1.0840e+00,8.9590e-01,1.5160e+00,5.4170e-01,6.0000e+00,1.2000e+01,2.0000e+00,2.0000e+00,0.0000e+00,-3.1900e-01,-6.9900e-02,8.3790e-02,-1.6440e+00,4.7960e-01,1.1350e+00,1.3510e+00,2.8090e+00,8.6710e+04,7.4110e+00,-8.3940e+02,2.5840e+00,8.6670e+04
2.4269e-01,9.7135e-01,1.4950e+00,4.8040e+19,2.5670e+14,2.9640e+18,1.4480e+18,2.2520e+00,1.0810e+00,8.9180e-01,1.5240e+00,5.4130e-01,6.0000e+00,1.2000e+01,2.0000e+00,2.0000e+00,0.0000e+00,-3.6930e-01,-1.4470e-01,2.8680e-02,-1.6140e+00,4.9640e-01,1.1750e+00,1.3880e+00,2.8500e+00,8.5730e+04,7.4110e+00,-8.1490e+02,2.6110e+00,8.5770e+04
2.4656e-01,9.7065e-01,1.4950e+00,4.8110e+19,2.5670e+14,2.9830e+18,1.4060e+18,2.2610e+00,1.0790e+00,8.8750e-01,1.5330e+00,5.4090e-01,6.0000e+00,1.2000e+01,2.0000e+00,2.0000e+00,0.0000e+00,-4.1830e-01,-2.2000e-01,-2.8070e-02,-1.5790e+00,5.1430e-01,1.2130e+00,1.4260e+00,2.8860e+00,8.4760e+04,7.3820e+00,-7.9110e+02,2.6340e+00,8.4880e+04
2.5043e-01,9.6994e-01,1.4960e+00,4.8200e+19,2.5680e+14,3.0020e+18,1.3640e+18,2.2710e+00,1.0770e+00,8.8310e-01,1.5420e+00,5.4050e-01,6.0000e+00,1.2000e+01,2.0000e+00,2.0000e+00,0.0000e+00,-4.6610e-01,-2.9490e-01,-8.5850e-02,-1.5400e+00,5.3310e-01,1.2480e+00,1.4680e+00,2.9170e+00,8.3780e+04,7.3200e+00,-7.6820e+02,2.6540e+00,8.3990e+04
2.5428e-01,9.6923e-01,1.4970e+00,4.8290e+19,2.5690e+14,3.0200e+18,1.3230e+18,2.2790e+00,1.0750e+00,8.7870e-01,1.5510e+00,5.4010e-01,6.0000e+00,1.2000e+01,2.0000e+00,2.0000e+00,0.0000e+00,-5.1240e-01,-3.6880e-01,-1.4410e-01,-1.4970e+00,5.5300e-01,1.2800e+00,1.5120e+00,2.9420e+00,8.2810e+04,7.2210e+00,-7.4620e+02,2.6710e+00,8.3100e+04
2.5813e-01,9.6852e-01,1.4970e+00,4.8390e+19,2.5710e+14,3.0380e+18,1.2830e+18,2.2860e+00,1.0720e+00,8.7420e-01,1.5600e+00,5.3970e-01,6.0000e+00,1.2000e+01,2.0000e+00,2.0000e+00,0.0000e+00,-5.5710e-01,-4.4110e-01,-2.0210e-01,-1.4530e+00,5.7380e-01,1.3090e+00,1.5580e+00,2.9610e+00,8.1840e+04,7.0820e+00,-7.2530e+02,2.6830e+00,8.2220e+04
2.6197e-01,9.6780e-01,1.4980e+00,4.8510e+19,2.5730e+14,3.0550e+18,1.2430e+18,2.2930e+00,1.0700e+00,8.6960e-01,1.5700e+00,5.3930e-01,6.0000e+00,1.2000e+01,2.0000e+00,2.0000e+00,0.0000e+00,-6.0010e-01,-5.1090e-01,-2.5930e-01,-1.4090e+00,5.9570e-01,1.3340e+00,1.6080e+00,2.9730e+00,8.0880e+04,6.9010e+00,-7.0540e+02,2.6910e+00,8.1350e+04
2.6580e-01,9.6707e-01,1.4990e+00,4.8630e+19,2.5760e+14,3.0720e+18,1.2040e+18,2.2990e+00,1.0670e+00,8.6500e-01,1.5800e+00,5.3890e-01,6.0000e+00,1.2000e+01,2.0000e+00,2.0000e+00,0.0000e+00,-6.4140e-01,-5.7760e-01,-3.1500e-01,-1.3650e+00,6.1870e-01,1.3550e+00,1.6600e+00,2.9780e+00,7.9930e+04,6.6740e+00,-6.8660e+02,2.6950e+00,8.0480e+04
2.6962e-01,9.6635e-01,1.4990e+00,4.8750e+19,2.5800e+14,3.0880e+18,1.1650e+18,2.3040e+00,1.0650e+00,8.6030e-01,1.5910e+00,5.3850e-01,6.0000e+00,1.2000e+01,2.0000e+00,2.0000e+00,0.0000e+00,-6.8080e-01,-6.4040e-01,-3.6830e-01,-1.3230e+00,6.4310e-01,1.3730e+00,1.7160e+00,2.9760e+00,7.8990e+04,6.3980e+00,-6.6900e+02,2.6950e+00,7.9630e+04
2.7343e-01,9.6562e-01,1.5000e+00,4.8890e+19,2.5840e+14,3.1040e+18,1.1270e+18,2.3090e+00,1.0620e+00,8.5560e-01,1.6020e+00,5.3810e-01,6.0000e+00,1.2000e+01,2.0000e+00,2.0000e+00,0.0000e+00,-7.1810e-01,-6.9860e-01,-4.1860e-01,-1.2860e+00,6.6880e-01,1.3880e+00,1.7740e+00,2.9670e+00,7.8070e+04,6.0730e+00,-6.5270e+02,2.6910e+00,7.8790e+04
2.7723e-01,9.6488e-01,1.5010e+00,4.9030e+19,2.5880e+14,3.1200e+18,1.0900e+18,2.3130e+00,1.0590e+00,8.5090e-01,1.6130e+00,5.3770e-01,6.0000e+00,1.2000e+01,2.0000e+00,2.0000e+00,0.0000e+00,-7.5340e-01,-7.5140e-01,-4.6490e-01,-1.2530e+00,6.9610e-01,1.4000e+00,1.8350e+00,2.9510e+00,7.7170e+04,5.6930e+00,-6.3770e+02,2.6810e+00,7.7960e+04
2.8102e-01,9.6415e-01,1.5020e+00,4.9180e+19,2.5930e+14,3.1350e+18,1.0530e+18,2.3160e+00,1.0560e+00,8.4620e-01,1.6250e+00,5.3730e-01,6.0000e+00,1.2000e+01,2.0000e+00,2.0000e+00,0.0000e+00,-7.8640e-01,-7.9830e-01,-5.0670e-01,-1.2260e+00,7.2520e-01,1.4090e+00,1.8980e+00,2.9270e+00,7.6280e+04,5.2600e+00,-6.2400e+02,2.6680e+00,7.7140e+04
2.8480e-01,9.6341e-01,1.5020e+00,4.9340e+19,2.5990e+14,3.1500e+18,1.0170e+18,2.3190e+00,1.0530e+00,8.4160e-01,1.6380e+00,5.3680e-01,6.0000e+00,1.2000e+01,2.0000e+00,2.0000e+00,0.0000e+00,-8.1700e-01,-8.3850e-01,-5.4310e-01,-1.2070e+00,7.5620e-01,1.4160e+00,1.9650e+00,2.8960e+00,7.5410e+04,4.7730e+00,-6.1180e+02,2.6500e+00,7.6340e+04
2.8857e-01,9.6267e-01,1.5030e+00,4.9500e+19,2.6040e+14,3.1640e+18,9.8180e+17,2.3210e+00,1.0500e+00,8.3690e-01,1.6500e+00,5.3640e-01,6.0000e+00,1.2000e+01,2.0000e+00,2.0000e+00,0.0000e+00,-8.4520e-01,-8.7160e-01,-5.7350e-01,-1.1960e+00,7.8920e-01,1.4220e+00,2.0330e+00,2.8590e+00,7.4560e+04,4.2360e+00,-6.0110e+02,2.6280e+00,7.5550e+04
2.9232e-01,9.6193e-01,1.5040e+00,4.9660e+19,2.6100e+14,3.1790e+18,9.4740e+17,2.3240e+00,1.0470e+00,8.3220e-01,1.6640e+00,5.3600e-01,6.0000e+00,1.2000e+01,2.0000e+00,2.0000e+00,0.0000e+00,-8.7080e-01,-8.9700e-01,-5.9710e-01,-1.1950e+00,8.2460e-01,1.4270e+00,2.1030e+00,2.8140e+00,7.3740e+04,3.6530e+00,-5.9180e+02,2.6010e+00,7.4790e+04
2.9607e-01,9.6119e-01,1.5050e+00,4.9830e+19,2.6170e+14,3.1940e+18,9.1380e+17,2.3260e+00,1.0430e+00,8.2760e-01,1.6780e+00,5.3560e-01,6.0000e+00,1.2000e+01,2.0000e+00,2.0000e+00,0.0000e+00,-8.9370e-01,-9.1430e-01,-6.1330e-01,-1.2030e+00,8.6230e-01,1.4330e+00,2.1750e+00,2.7640e+00,7.2940e+04,3.0260e+00,-5.8410e+02,2.5710e+00,7.4030e+04
2.9980e-01,9.6044e-01,1.5060e+00,5.0010e+19,2.6230e+14,3.2090e+18,8.8100e+17,2.3270e+00,1.0400e+00,8.2300e-01,1.6920e+00,5.3520e-01,6.0000e+00,1.2000e+01,2.0000e+00,2.0000e+00,0.0000e+00,-9.1370e-01,-9.2300e-01,-6.2140e-01,-1.2220e+00,9.0260e-01,1.4390e+00,2.2480e+00,2.7070e+00,7.2170e+04,2.3580e+00,-5.7800e+02,2.5360e+00,7.3300e+04
3.0353e-01,9.5970e-01,1.5070e+00,5.0190e+19,2.6290e+14,3.2240e+18,8.4900e+17,2.3290e+00,1.0360e+00,8.1840e-01,1.7070e+00,5.3480e-01,6.0000e+00,1.2000e+01,2.0000e+00,2.0000e+00,0.0000e+00,-9.3080e-01,-9.2280e-01,-6.2090e-01,-1.2520e+00,9.4550e-01,1.4460e+00,2.3230e+00,2.6450e+00,7.1420e+04,1.6590e+00,-5.7350e+02,2.4980e+00,7.2590e+04
3.0724e-01,9.5895e-01,1.5080e+00,5.0370e+19,2.6360e+14,3.2400e+18,8.1770e+17,2.3320e+00,1.0320e+00,8.1390e-01,1.7230e+00,5.3440e-01,6.0000e+00,1.2000e+01,2.0000e+00,2.0000e+00,0.0000e+00,-9.4470e-01,-9.1350e-01,-6.1140e-01,-1.2920e+00,9.9110e-01,1.4550e+00,2.3970e+00,2.5780e+00,7.0710e+04,9.3820e-01,-5.7060e+02,2.4570e+00,7.1900e+04
3.1093e-01,9.5820e-01,1.5090e+00,5.0560e+19,2.6420e+14,3.2560e+18,7.8740e+17,2.3340e+00,1.0280e+00,8.0930e-01,1.7390e+00,5.3390e-01,6.0000e+00,1.2000e+01,2.0000e+00,2.0000e+00,0.0000e+00,-9.5550e-01,-8.9500e-01,-5.9260e-01,-1.3440e+00,1.0390e+00,1.4670e+00,2.4720e+00,2.5080e+00,7.0020e+04,2.0410e-01,-5.6940e+02,2.4130e+00,7.1230e+04
3.1462e-01,9.5745e-01,1.5100e+00,5.0750e+19,2.6480e+14,3.2730e+18,7.5780e+17,2.3370e+00,1.0240e+00,8.0470e-01,1.7560e+00,5.3350e-01,6.0000e+00,1.2000e+01,2.0000e+00,2.0000e+00,0.0000e+00,-9.6280e-01,-8.6710e-01,-5.6400e-01,-1.4060e+00,1.0900e+00,1.4810e+00,2.5470e+00,2.4330e+00,6.9350e+04,-5.3340e-01,-5.6970e+02,2.3660e+00,7.0570e+04
3.1829e-01,9.5670e-01,1.5120e+00,5.0940e+19,2.6540e+14,3.2910e+18,7.2910e+17,2.3400e+00,1.0190e+00,8.0020e-01,1.7730e+00,5.3310e-01,6.0000e+00,1.2000e+01,2.0000e+00,2.0000e+00,0.0000e+00,-9.6670e-01,-8.2970e-01,-5.2530e-01,-1.4800e+00,1.1430e+00,1.4990e+00,2.6210e+00,2.3560e+00,6.8720e+04,-1.2650e+00,-5.7170e+02,2.3170e+00,6.9940e+04
3.2194e-01,9.5594e-01,1.5130e+00,5.1130e+19,2.6590e+14,3.3100e+18,7.0120e+17,2.3450e+00,1.0150e+00,7.9560e-01,1.7910e+00,5.3270e-01,6.0000e+00,1.2000e+01,2.0000e+00,2.0000e+00,0.0000e+00,-9.6700e-01,-7.8270e-01,-4.7630e-01,-1.5630e+00,1.1990e+00,1.5210e+00,2.6940e+00,2.2770e+00,6.8120e+04,-1.9820e+00,-5.7530e+02,2.2660e+00,6.9330e+04
3.2558e-01,9.5518e-01,1.5140e+00,5.1310e+19,2.6640e+14,3.3300e+18,6.7420e+17,2.3500e+00,1.0100e+00,7.9100e-01,1.8100e+00,5.3230e-01,6.0000e+00,1.2000e+01,2.0000e+00,2.0000e+00,0.0000e+00,-9.6350e-01,-7.2640e-01,-4.1710e-01,-1.6550e+00,1.2570e+00,1.5460e+00,2.7650e+00,2.1960e+00,6.7540e+04,-2.6760e+00,-5.8050e+02,2.2130e+00,6.8750e+04
3.2920e-01,9.5442e-01,1.5160e+00,5.1500e+19,2.6670e+14,3.3520e+18,6.4790e+17,2.3560e+00,1.0050e+00,7.8630e-01,1.8290e+00,5.3180e-01,6.0000e+00,1.2000e+01,2.0000e+00,2.0000e+00,0.0000e+00,-9.5610e-01,-6.6060e-01,-3.4750e-01,-1.7560e+00,1.3160e+00,1.5750e+00,2.8340e+00,2.1150e+00,6.6990e+04,-3.3380e+00,-5.8720e+02,2.1600e+00,6.8180e+04
3.3281e-01,9.5366e-01,1.5180e+00,5.1690e+19,2.6710e+14,3.3750e+18,6.2250e+17,2.3630e+00,1.0000e+00,7.8160e-01,1.8490e+00,5.3140e-01,6.0000e+00,1.2000e+01,2.0000e+00,2.0000e+00,0.0000e+00,-9.4460e-01,-5.8570e-01,-2.6760e-01,-1.8630e+00,1.3770e+00,1.6070e+00,2.9010e+00,2.0330e+00,6.6470e+04,-3.9590e+00,-5.9540e+02,2.1060e+00,6.7630e+04
3.3639e-01,9.5288e-01,1.5190e+00,5.1870e+19,2.6730e+14,3.3990e+18,5.9790e+17,2.3710e+00,9.9480e-01,7.7680e-01,1.8700e+00,5.3100e-01,6.0000e+00,1.2000e+01,2.0000e+00,2.0000e+00,0.0000e+00,-9.2900e-01,-5.0160e-01,-1.7720e-01,-1.9770e+00,1.4400e+00,1.6430e+00,2.9650e+00,1.9530e+00,6.5970e+04,-4.5320e+00,-6.0510e+02,2.0520e+00,6.7100e+04
3.3996e-01,9.5211e-01,1.5210e+00,5.2050e+19,2.6740e+14,3.4250e+18,5.7410e+17,2.3800e+00,9.8940e-01,7.7200e-01,1.8910e+00,5.3060e-01,6.0000e+00,1.2000e+01,2.0000e+00,2.0000e+00,0.0000e+00,-9.0890e-01,-4.0860e-01,-7.6750e-02,-2.0950e+00,1.5030e+00,1.6810e+00,3.0260e+00,1.8730e+00,6.5500e+04,-5.0540e+00,-6.1610e+02,1.9980e+00,6.6600e+04
3.4351e-01,9.5133e-01,1.5230e+00,5.2230e+19,2.6750e+14,3.4530e+18,5.5110e+17,2.3910e+00,9.8370e-01,7.6710e-01,1.9130e+00,5.3010e-01,6.0000e+00,1.2000e+01,2.0000e+00,2.0000e+00,0.0000e+00,-8.8430e-01,-3.0700e-01,3.3640e-02,-2.2160e+00,1.5670e+00,1.7230e+00,3.0840e+00,1.7950e+00,6.5060e+04,-5.5220e+00,-6.2850e+02,1.9450e+00,6.6110e+04
3.4704e-01,9.5054e-01,1.5250e+00,5.2400e+19,2.6740e+14,3.4820e+18,5.2880e+17,2.4020e+00,9.7790e-01,7.6220e-01,1.9350e+00,5.2970e-01,6.0000e+00,1.2000e+01,2.0000e+00,2.0000e+00,0.0000e+00,-8.5500e-01,-1.9700e-01,1.5360e-01,-2.3370e+00,1.6310e+00,1.7660e+00,3.1380e+00,1.7200e+00,6.4630e+04,-5.9340e+00,-6.4210e+02,1.8930e+00,6.5640e+04
3.5055e-01,9.4975e-01,1.5270e+00,5.2560e+19,2.6720e+14,3.5130e+18,5.0730e+17,2.4160e+00,9.7190e-01,7.5720e-01,1.9580e+00,5.2920e-01,6.0000e+00,1.2000e+01,2.0000e+00,2.0000e+00,0.0000e+00,-8.2070e-01,-7.8880e-02,2.8290e-01,-2.4580e+00,1.6950e+00,1.8110e+00,3.1890e+00,1.6480e+00,6.4230e+04,-6.2870e+00,-6.5680e+02,1.8430e+00,6.5190e+04
3.5404e-01,9.4895e-01,1.5290e+00,5.2720e+19,2.6680e+14,3.5460e+18,4.8660e+17,2.4310e+00,9.6570e-01,7.5210e-01,1.9810e+00,5.2880e-01,6.0000e+00,1.2000e+01,2.0000e+00,2.0000e+00,0.0000e+00,-7.8140e-01,4.7020e-02,4.2120e-01,-2.5760e+00,1.7580e+00,1.8560e+00,3.2350e+00,1.5790e+00,6.3860e+04,-6.5790e+00,-6.7270e+02,1.7940e+00,6.4760e+04
3.5751e-01,9.4814e-01,1.5310e+00,5.2860e+19,2.6640e+14,3.5800e+18,4.6650e+17,2.4470e+00,9.5940e-01,7.4690e-01,2.0050e+00,5.2830e-01,6.0000e+00,1.2000e+01,2.0000e+00,2.0000e+00,0.0000e+00,-7.3690e-01,1.8030e-01,5.6800e-01,-2.6900e+00,1.8210e+00,1.9010e+00,3.2780e+00,1.5140e+00,6.3500e+04,-6.8130e+00,-6.8950e+02,1.7480e+00,6.4340e+04
3.6096e-01,9.4732e-01,1.5330e+00,5.3000e+19,2.6580e+14,3.6160e+18,4.4710e+17,2.4640e+00,9.5290e-01,7.4170e-01,2.0290e+00,5.2790e-01,6.0000e+00,1.2000e+01,2.0000e+00,2.0000e+00,0.0000e+00,-6.8700e-01,3.2060e-01,7.2280e-01,-2.7980e+00,1.8820e+00,1.9460e+00,3.3170e+00,1.4530e+00,6.3160e+04,-6.9910e+00,-7.0720e+02,1.7040e+00,6.3940e+04
3.6439e-01,9.4650e-01,1.5350e+00,5.3130e+19,2.6500e+14,3.6540e+18,4.2840e+17,2.4840e+00,9.4640e-01,7.3640e-01,2.0540e+00,5.2740e-01,6.0000e+00,1.2000e+01,2.0000e+00,2.0000e+00,0.0000e+00,-6.3160e-01,4.6740e-01,8.8480e-01,-2.8970e+00,1.9430e+00,1.9900e+00,3.3530e+00,1.3970e+00,6.2830e+04,-7.1140e+00,-7.2560e+02,1.6640e+00,6.3550e+04
3.6780e-01,9.4566e-01,1.5380e+00,5.3250e+19,2.6410e+14,3.6930e+18,4.1040e+17,2.5040e+00,9.3960e-01,7.3110e-01,2.0790e+00,5.2700e-01,6.0000e+00,1.2000e+01,2.0000e+00,2.0000e+00,0.0000e+00,-5.7060e-01,6.2030e-01,1.0540e+00,-2.9870e+00,2.0010e+00,2.0320e+00,3.3860e+00,1.3450e+00,6.2530e+04,-7.1860e+00,-7.4470e+02,1.6270e+00,6.3180e+04
3.7119e-01,9.4482e-01,1.5400e+00,5.3350e+19,2.6300e+14,3.7330e+18,3.9300e+17,2.5260e+00,9.3280e-01,7.2570e-01,2.1040e+00,5.2650e-01,6.0000e+00,1.2000e+01,2.0000e+00,2.0000e+00,0.0000e+00,-5.0390e-01,7.7890e-01,1.2290e+00,-3.0640e+00,2.0580e+00,2.0710e+00,3.4150e+00,1.3000e+00,6.2230e+04,-7.2070e+00,-7.6430e+02,1.5940e+00,6.2810e+04
3.7456e-01,9.4397e-01,1.5420e+00,5.3440e+19,2.6180e+14,3.7750e+18,3.7620e+17,2.5500e+00,9.2590e-01,7.2030e-01,2.1300e+00,5.2600e-01,6.0000e+00,1.2000e+01,2.0000e+00,2.0000e+00,0.0000e+00,-4.3120e-01,9.4260e-01,1.4090e+00,-3.1280e+00,2.1140e+00,2.1070e+00,3.4410e+00,1.2600e+00,6.1950e+04,-7.1810e+00,-7.8430e+02,1.5650e+00,6.2460e+04
3.7791e-01,9.4311e-01,1.5440e+00,5.3520e+19,2.6040e+14,3.8180e+18,3.6000e+17,2.5750e+00,9.1890e-01,7.1490e-01,2.1570e+00,5.2550e-01,6.0000e+00,1.2000e+01,2.0000e+00,2.0000e+00,0.0000e+00,-3.5270e-01,1.1110e+00,1.5950e+00,-3.1780e+00,2.1680e+00,2.1400e+00,3.4660e+00,1.2260e+00,6.1680e+04,-7.1110e+00,-8.0460e+02,1.5410e+00,6.2120e+04
3.8124e-01,9.4224e-01,1.5470e+00,5.3580e+19,2.5880e+14,3.8610e+18,3.4440e+17,2.6010e+00,9.1180e-01,7.0950e-01,2.1830e+00,5.2500e-01,6.0000e+00,1.2000e+01,2.0000e+00,2.0000e+00,0.0000e+00,-2.6810e-01,1.2840e+00,1.7850e+00,-3.2130e+00,2.2200e+00,2.1690e+00,3.4880e+00,1.1980e+00,6.1420e+04,-6.9980e+00,-8.2500e+02,1.5210e+00,6.1790e+04
3.8456e-01,9.4136e-01,1.5490e+00,5.3620e+19,2.5710e+14,3.9050e+18,3.2930e+17,2.6280e+00,9.0460e-01,7.0400e-01,2.2100e+00,5.2460e-01,6.0000e+00,1.2000e+01,2.0000e+00,2.0000e+00,0.0000e+00,-1.7750e-01,1.4600e+00,1.9780e+00,-3.2300e+00,2.2710e+00,2.1940e+00,3.5100e+00,1.1760e+00,6.1160e+04,-6.8440e+00,-8.4550e+02,1.5070e+00,6.1460e+04
3.8785e-01,9.4047e-01,1.5520e+00,5.3650e+19,2.5520e+14,3.9500e+18,3.1470e+17,2.6570e+00,8.9730e-01,6.9860e-01,2.2380e+00,5.2410e-01,6.0000e+00,1.2000e+01,2.0000e+00,2.0000e+00,0.0000e+00,-8.0750e-02,1.6400e+00,2.1750e+00,-3.2300e+00,2.3200e+00,2.2150e+00,3.5310e+00,1.1610e+00,6.0910e+04,-6.6530e+00,-8.6590e+02,1.4980e+00,6.1140e+04
3.9113e-01,9.3957e-01,1.5540e+00,5.3650e+19,2.5320e+14,3.9950e+18,3.0070e+17,2.6860e+00,8.9000e-01,6.9320e-01,2.2650e+00,5.2360e-01,6.0000e+00,1.2000e+01,2.0000e+00,2.0000e+00,0.0000e+00,2.2200e-02,1.8230e+00,2.3730e+00,-3.2120e+00,2.3690e+00,2.2320e+00,3.5520e+00,1.1540e+00,6.0670e+04,-6.4280e+00,-8.8600e+02,1.4940e+00,6.0820e+04
3.9439e-01,9.3867e-01,1.5560e+00,5.3640e+19,2.5100e+14,4.0400e+18,2.8720e+17,2.7170e+00,8.8260e-01,6.8780e-01,2.2940e+00,5.2310e-01,6.0000e+00,1.2000e+01,2.0000e+00,2.0000e+00,0.0000e+00,1.3140e-01,2.0090e+00,2.5740e+00,-3.1760e+00,2.4170e+00,2.2450e+00,3.5730e+00,1.1530e+00,6.0430e+04,-6.1730e+00,-9.0580e+02,1.4970e+00,6.0510e+04
3.9764e-01,9.3775e-01,1.5590e+00,5.3610e+19,2.4870e+14,4.0850e+18,2.7420e+17,2.7480e+00,8.7520e-01,6.8250e-01,2.3220e+00,5.2250e-01,6.0000e+00,1.2000e+01,2.0000e+00,2.0000e+00,0.0000e+00,2.4680e-01,2.1970e+00,2.7760e+00,-3.1220e+00,2.4650e+00,2.2540e+00,3.5950e+00,1.1590e+00,6.0190e+04,-5.8910e+00,-9.2510e+02,1.5060e+00,6.0200e+04
4.0086e-01,9.3682e-01,1.5610e+00,5.3550e+19,2.4630e+14,4.1280e+18,2.6170e+17,2.7800e+00,8.6770e-01,6.7720e-01,2.3510e+00,5.2200e-01,6.0000e+00,1.2000e+01,2.0000e+00,2.0000e+00,0.0000e+00,3.6860e-01,2.3870e+00,2.9780e+00,-3.0500e+00,2.5130e+00,2.2590e+00,3.6190e+00,1.1730e+00,5.9950e+04,-5.5870e+00,-9.4370e+02,1.5210e+00,5.9890e+04
4.0407e-01,9.3589e-01,1.5630e+00,5.3470e+19,2.4370e+14,4.1720e+18,2.4960e+17,2.8130e+00,8.6020e-01,6.7200e-01,2.3810e+00,5.2150e-01,6.0000e+00,1.2000e+01,2.0000e+00,2.0000e+00,0.0000e+00,4.9660e-01,2.5790e+00,3.1810e+00,-2.9590e+00,2.5610e+00,2.2600e+00,3.6450e+00,1.1950e+00,5.9710e+04,-5.2620e+00,-9.6160e+02,1.5420e+00,5.9570e+04
4.0727e-01,9.3495e-01,1.5650e+00,5.3370e+19,2.4100e+14,4.2130e+18,2.3800e+17,2.8470e+00,8.5270e-01,6.6680e-01,2.4110e+00,5.2100e-01,6.0000e+00,1.2000e+01,2.0000e+00,2.0000e+00,0.0000e+00,6.3110e-01,2.7720e+00,3.3830e+00,-2.8510e+00,2.6100e+00,2.2590e+00,3.6740e+00,1.2240e+00,5.9470e+04,-4.9100e+00,-9.7850e+02,1.5700e+00,5.9260e+04
4.1045e-01,9.3400e-01,1.5680e+00,5.3240e+19,2.3810e+14,4.2540e+18,2.2680e+17,2.8810e+00,8.4510e-01,6.6170e-01,2.4410e+00,5.2050e-01,6.0000e+00,1.2000e+01,2.0000e+00,2.0000e+00,0.0000e+00,7.7190e-01,2.9670e+00,3.5850e+00,-2.7250e+00,2.6600e+00,2.2550e+00,3.7050e+00,1.2620e+00,5.9220e+04,-4.5230e+00,-9.9440e+02,1.6040e+00,5.8940e+04
4.1361e-01,9.3304e-01,1.5700e+00,5.3090e+19,2.3510e+14,4.2930e+18,2.1610e+17,2.9150e+00,8.3740e-01,6.5670e-01,2.4720e+00,5.1990e-01,6.0000e+00,1.2000e+01,2.0000e+00,2.0000e+00,0.0000e+00,9.1920e-01,3.1630e+00,3.7850e+00,-2.5830e+00,2.7120e+00,2.2490e+00,3.7400e+00,1.3070e+00,5.8960e+04,-4.0940e+00,-1.0090e+03,1.6450e+00,5.8620e+04
4.1675e-01,9.3207e-01,1.5720e+00,5.2910e+19,2.3210e+14,4.3290e+18,2.0570e+17,2.9490e+00,8.2970e-01,6.5170e-01,2.5030e+00,5.1940e-01,6.0000e+00,1.2000e+01,2.0000e+00,2.0000e+00,0.0000e+00,1.0730e+00,3.3610e+00,3.9830e+00,-2.4250e+00,2.7660e+00,2.2410e+00,3.7790e+00,1.3610e+00,5.8700e+04,-3.6130e+00,-1.0220e+03,1.6930e+00,5.8290e+04
4.1989e-01,9.3109e-01,1.5740e+00,5.2710e+19,2.2890e+14,4.3640e+18,1.9580e+17,2.9840e+00,8.2200e-01,6.4680e-01,2.5360e+00,5.1880e-01,6.0000e+00,1.2000e+01,2.0000e+00,2.0000e+00,0.0000e+00,1.2330e+00,3.5590e+00,4.1800e+00,-2.2510e+00,2.8220e+00,2.2320e+00,3.8210e+00,1.4240e+00,5.8430e+04,-3.0800e+00,-1.0340e+03,1.7470e+00,5.7960e+04
4.2300e-01,9.3011e-01,1.5770e+00,5.2480e+19,2.2560e+14,4.3960e+18,1.8630e+17,3.0190e+00,8.1420e-01,6.4200e-01,2.5680e+00,5.1830e-01,6.0000e+00,1.2000e+01,2.0000e+00,2.0000e+00,0.0000e+00,1.4000e+00,3.7590e+00,4.3740e+00,-2.0630e+00,2.8810e+00,2.2220e+00,3.8670e+00,1.4940e+00,5.8140e+04,-2.5130e+00,-1.0440e+03,1.8070e+00,5.7610e+04
4.2610e-01,9.2912e-01,1.5790e+00,5.2220e+19,2.2230e+14,4.4250e+18,1.7710e+17,3.0540e+00,8.0630e-01,6.3730e-01,2.6020e+00,5.1770e-01,6.0000e+00,1.2000e+01,2.0000e+00,2.0000e+00,0.0000e+00,1.5730e+00,3.9590e+00,4.5650e+00,-1.8610e+00,2.9450e+00,2.2120e+00,3.9180e+00,1.5740e+00,5.7850e+04,-1.9390e+00,-1.0530e+03,1.8750e+00,5.7260e+04
4.2918e-01,9.2812e-01,1.5810e+00,5.1930e+19,2.1890e+14,4.4510e+18,1.6840e+17,3.0890e+00,7.9840e-01,6.3260e-01,2.6360e+00,5.1720e-01,6.0000e+00,1.2000e+01,2.0000e+00,2.0000e+00,0.0000e+00,1.7530e+00,4.1600e+00,4.7520e+00,-1.6460e+00,3.0120e+00,2.2030e+00,3.9720e+00,1.6620e+00,5.7540e+04,-1.3850e+00,-1.0590e+03,1.9480e+00,5.6900e+04
4.3225e-01,9.2712e-01,1.5830e+00,5.1620e+19,2.1540e+14,4.4740e+18,1.6000e+17,3.1230e+00,7.9040e-01,6.2810e-01,2.6710e+00,5.1660e-01,6.0000e+00,1.2000e+01,2.0000e+00,2.0000e+00,0.0000e+00,1.9400e+00,4.3610e+00,4.9360e+00,-1.4170e+00,3.0830e+00,2.1940e+00,4.0310e+00,1.7600e+00,5.7220e+04,-8.7560e-01,-1.0630e+03,2.0270e+00,5.6530e+04
4.3530e-01,9.2610e-01,1.5850e+00,5.1270e+19,2.1190e+14,4.4930e+18,1.5190e+17,3.1580e+00,7.8230e-01,6.2360e-01,2.7070e+00,5.1610e-01,6.0000e+00,1.2000e+01,2.0000e+00,2.0000e+00,0.0000e+00,2.1330e+00,4.5630e+00,5.1150e+00,-1.1760e+00,3.1600e+00,2.1860e+00,4.0940e+00,1.8660e+00,5.6880e+04,-4.1330e-01,-1.0660e+03,2.1130e+00,5.6150e+04
4.3833e-01,9.2508e-01,1.5880e+00,5.0900e+19,2.0830e+14,4.5090e+18,1.4430e+17,3.1920e+00,7.7420e-01,6.1910e-01,2.7440e+00,5.1550e-01,6.0000e+00,1.2000e+01,2.0000e+00,2.0000e+00,0.0000e+00,2.3330e+00,4.7640e+00,5.2890e+00,-9.2310e-01,3.2410e+00,2.1790e+00,4.1610e+00,1.9810e+00,5.6520e+04,9.4750e-02,-1.0650e+03,2.2040e+00,5.5750e+04
4.4134e-01,9.2405e-01,1.5900e+00,5.0500e+19,2.0460e+14,4.5210e+18,1.3690e+17,3.2260e+00,7.6590e-01,6.1470e-01,2.7820e+00,5.1490e-01,6.0000e+00,1.2000e+01,2.0000e+00,2.0000e+00,0.0000e+00,2.5390e+00,4.9650e+00,5.4580e+00,-6.5770e-01,3.3290e+00,2.1740e+00,4.2320e+00,2.1050e+00,5.6150e+04,7.6530e-01,-1.0620e+03,2.3000e+00,5.5340e+04
4.4434e-01,9.2302e-01,1.5920e+00,5.0070e+19,2.0100e+14,4.5280e+18,1.2990e+17,3.2590e+00,7.5760e-01,6.1040e-01,2.8200e+00,5.1430e-01,6.0000e+00,1.2000e+01,2.0000e+00,2.0000e+00,0.0000e+00,2.7520e+00,5.1640e+00,5.6200e+00,-3.7990e-01,3.4240e+00,2.1710e+00,4.3060e+00,2.2380e+00,5.5750e+04,1.7150e+00,-1.0570e+03,2.4010e+00,5.4920e+04
4.4732e-01,9.2198e-01,1.5940e+00,4.9600e+19,1.9730e+14,4.5320e+18,1.2320e+17,3.2920e+00,7.4910e-01,6.0620e-01,2.8600e+00,5.1380e-01,6.0000e+00,1.2000e+01,2.0000e+00,2.0000e+00,0.0000e+00,2.9710e+00,5.3620e+00,5.7750e+00,-8.9700e-02,3.5250e+00,2.1710e+00,4.3840e+00,2.3790e+00,5.5340e+04,3.0610e+00,-1.0480e+03,2.5070e+00,5.4490e+04
4.5029e-01,9.2093e-01,1.5960e+00,4.9110e+19,1.9360e+14,4.5310e+18,1.1680e+17,3.3240e+00,7.4060e-01,6.0200e-01,2.9010e+00,5.1320e-01,6.0000e+00,1.2000e+01,2.0000e+00,2.0000e+00,0.0000e+00,3.1970e+00,5.5570e+00,5.9220e+00,2.1310e-01,3.6340e+00,2.1720e+00,4.4660e+00,2.5280e+00,5.4910e+04,4.8360e+00,-1.0360e+03,2.6170e+00,5.4040e+04
4.5323e-01,9.1987e-01,1.5980e+00,4.8600e+19,1.8990e+14,4.5260e+18,1.1070e+17,3.3550e+00,7.3190e-01,5.9780e-01,2.9430e+00,5.1260e-01,6.0000e+00,1.2000e+01,2.0000e+00,2.0000e+00,0.0000e+00,3.4300e+00,5.7480e+00,6.0600e+00,5.2940e-01,3.7510e+00,2.1760e+00,4.5500e+00,2.6850e+00,5.4450e+04,6.7440e+00,-1.0210e+03,2.7300e+00,5.3580e+04
4.5616e-01,9.1881e-01,1.6000e+00,4.8050e+19,1.8620e+14,4.5160e+18,1.0490e+17,3.3860e+00,7.2310e-01,5.9370e-01,2.9860e+00,5.1200e-01,6.0000e+00,1.2000e+01,2.0000e+00,2.0000e+00,0.0000e+00,3.6690e+00,5.9340e+00,6.1880e+00,8.6000e-01,3.8760e+00,2.1820e+00,4.6370e+00,2.8490e+00,5.3970e+04,8.4040e+00,-1.0030e+03,2.8460e+00,5.3110e+04
4.5907e-01,9.1774e-01,1.6030e+00,4.7480e+19,1.8260e+14,4.5020e+18,9.9330e+16,3.4160e+00,7.1410e-01,5.8960e-01,3.0310e+00,5.1140e-01,6.0000e+00,1.2000e+01,2.0000e+00,2.0000e+00,0.0000e+00,3.9140e+00,6.1140e+00,6.3060e+00,1.2060e+00,4.0110e+00,2.1910e+00,4.7260e+00,3.0190e+00,5.3470e+04,9.4350e+00,-9.8050e+02,2.9640e+00,5.2620e+04
4.6196e-01,9.1666e-01,1.6050e+00,4.6870e+19,1.7900e+14,4.4820e+18,9.4060e+16,3.4440e+00,7.0500e-01,5.8550e-01,3.0770e+00,5.1080e-01,6.0000e+00,1.2000e+01,2.0000e+00,2.0000e+00,0.0000e+00,4.1650e+00,6.2870e+00,6.4120e+00,1.5690e+00,4.1540e+00,2.2020e+00,4.8180e+00,3.1950e+00,5.2950e+04,9.4580e+00,-9.5430e+02,3.0830e+00,5.2120e+04
4.6483e-01,9.1558e-01,1.6070e+00,4.6250e+19,1.7540e+14,4.4580e+18,8.9040e+16,3.4720e+00,6.9570e-01,5.8150e-01,3.1240e+00,5.1020e-01,6.0000e+00,1.2000e+01,2.0000e+00,2.0000e+00,0.0000e+00,4.4220e+00,6.4500e+00,6.5050e+00,1.9480e+00,4.3080e+00,2.2170e+00,4.9110e+00,3.3750e+00,5.2410e+04,8.4200e+00,-9.2410e+02,3.2040e+00,5.1610e+04
4.6769e-01,9.1449e-01,1.6090e+00,4.5590e+19,1.7180e+14,4.4280e+18,8.4270e+16,3.4980e+00,6.8620e-01,5.7750e-01,3.1730e+00,5.0960e-01,6.0000e+00,1.2000e+01,2.0000e+00,2.0000e+00,0.0000e+00,4.6860e+00,6.6030e+00,6.5850e+00,2.3480e+00,4.4720e+00,2.2340e+00,5.0060e+00,3.5590e+00,5.1850e+04,7.5930e+00,-8.8950e+02,3.3230e+00,5.1090e+04
4.7052e-01,9.1340e-01,1.6110e+00,4.4920e+19,1.6830e+14,4.3930e+18,7.9740e+16,3.5230e+00,6.7660e-01,5.7350e-01,3.2230e+00,5.0900e-01,6.0000e+00,1.2000e+01,2.0000e+00,2.0000e+00,0.0000e+00,4.9550e+00,6.7440e+00,6.6510e+00,2.7680e+00,4.6470e+00,2.2560e+00,5.1030e+00,3.7450e+00,5.1260e+04,8.5730e+00,-8.5040e+02,3.4420e+00,5.0550e+04
4.7333e-01,9.1229e-01,1.6130e+00,4.4220e+19,1.6490e+14,4.3530e+18,7.5430e+16,3.5460e+00,6.6680e-01,5.6950e-01,3.2740e+00,5.0840e-01,6.0000e+00,1.2000e+01,2.0000e+00,2.0000e+00,0.0000e+00,5.2310e+00,6.8700e+00,6.7010e+00,3.2100e+00,4.8330e+00,2.2810e+00,5.2010e+00,3.9310e+00,5.0660e+04,1.2960e+01,-8.0650e+02,3.5580e+00,5.0010e+04
4.7613e-01,9.1119e-01,1.6160e+00,4.3490e+19,1.6150e+14,4.3070e+18,7.1330e+16,3.5670e+00,6.5680e-01,5.6550e-01,3.3270e+00,5.0770e-01,6.0000e+00,1.2000e+01,2.0000e+00,2.0000e+00,0.0000e+00,5.5120e+00,6.9810e+00,6.7350e+00,3.6780e+00,5.0310e+00,2.3110e+00,5.2990e+00,4.1170e+00,5.0030e+04,2.2350e+01,-7.5760e+02,3.6710e+00,4.9460e+04
4.7890e-01,9.1007e-01,1.6180e+00,4.2750e+19,1.5820e+14,4.2560e+18,6.7450e+16,3.5860e+00,6.4660e-01,5.6150e-01,3.3820e+00,5.0710e-01,6.0000e+00,1.2000e+01,2.0000e+00,2.0000e+00,0.0000e+00,5.7990e+00,7.0730e+00,6.7520e+00,4.1720e+00,5.2410e+00,2.3470e+00,5.3980e+00,4.2990e+00,4.9390e+04,3.7260e+01,-7.0340e+02,3.7790e+00,4.8900e+04
4.8166e-01,9.0896e-01,1.6200e+00,4.1980e+19,1.5500e+14,4.2000e+18,6.3760e+16,3.6030e+00,6.3620e-01,5.5750e-01,3.4380e+00,5.0650e-01,6.0000e+00,1.2000e+01,2.0000e+00,2.0000e+00,0.0000e+00,6.0910e+00,7.1470e+00,6.7530e+00,4.6940e+00,5.4630e+00,2.3890e+00,5.4980e+00,4.4760e+00,4.8740e+04,5.3810e+01,-6.4380e+02,3.8810e+00,4.8330e+04
4.8440e-01,9.0783e-01,1.6230e+00,4.1200e+19,1.5190e+14,4.1370e+18,6.0260e+16,3.6170e+00,6.2560e-01,5.5350e-01,3.4960e+00,5.0590e-01,6.0000e+00,1.2000e+01,2.0000e+00,2.0000e+00,0.0000e+00,6.3890e+00,7.2010e+00,6.7360e+00,5.2460e+00,5.6970e+00,2.4410e+00,5.5980e+00,4.6450e+00,4.8070e+04,6.7060e+01,-5.7830e+02,3.9760e+00,4.7760e+04
4.8711e-01,9.0670e-01,1.6250e+00,4.0400e+19,1.4890e+14,4.0690e+18,5.6940e+16,3.6270e+00,6.1480e-01,5.4940e-01,3.5560e+00,5.0520e-01,6.0000e+00,1.2000e+01,2.0000e+00,2.0000e+00,0.0000e+00,6.6930e+00,7.2340e+00,6.7030e+00,5.8310e+00,5.9450e+00,2.5030e+00,5.6990e+00,4.8050e+00,4.7390e+04,7.2060e+01,-5.0680e+02,4.0630e+00,4.7190e+04
4.8981e-01,9.0557e-01,1.6270e+00,3.9580e+19,1.4590e+14,3.9960e+18,5.3790e+16,3.6350e+00,6.0380e-01,5.4530e-01,3.6170e+00,5.0460e-01,6.0000e+00,1.2000e+01,2.0000e+00,2.0000e+00,0.0000e+00,7.0020e+00,7.2450e+00,6.6530e+00,6.4500e+00,6.2050e+00,2.5790e+00,5.7990e+00,4.9520e+00,4.6710e+04,6.3840e+01,-4.2910e+02,4.1400e+00,4.6620e+04
4.9249e-01,9.0443e-01,1.6290e+00,3.8750e+19,1.4310e+14,3.9160e+18,5.0800e+16,3.6390e+00,5.9260e-01,5.4110e-01,3.6800e+00,5.0400e-01,6.0000e+00,1.2000e+01,2.0000e+00,2.0000e+00,0.0000e+00,7.3170e+00,7.2330e+00,6.5870e+00,7.1060e+00,6.4790e+00,2.6690e+00,5.8990e+00,5.0840e+00,4.6020e+04,3.9460e+01,-3.4470e+02,4.2060e+00,4.6040e+04
4.9514e-01,9.0328e-01,1.6320e+00,3.7910e+19,1.4040e+14,3.8310e+18,4.7970e+16,3.6400e+00,5.8120e-01,5.3680e-01,3.7450e+00,5.0330e-01,6.0000e+00,1.2000e+01,2.0000e+00,2.0000e+00,0.0000e+00,7.6370e+00,7.2000e+00,6.5060e+00,7.8000e+00,6.7670e+00,2.7800e+00,6.0000e+00,5.1980e+00,4.5320e+04,3.8920e+00,-2.5360e+02,4.2590e+00,4.5470e+04
4.9778e-01,9.0213e-01,1.6340e+00,3.7050e+19,1.3770e+14,3.7410e+18,4.5290e+16,3.6360e+00,5.6950e-01,5.3240e-01,3.8120e+00,5.0270e-01,6.0000e+00,1.2000e+01,2.0000e+00,2.0000e+00,0.0000e+00,7.9630e+00,7.1460e+00,6.4120e+00,8.5340e+00,7.0670e+00,2.9160e+00,6.1000e+00,5.2920e+00,4.4630e+04,-3.5860e+01,-1.5540e+02,4.2990e+00,4.4900e+04
5.0040e-01,9.0098e-01,1.6360e+00,3.6190e+19,1.3520e+14,3.6450e+18,4.2750e+16,3.6270e+00,5.5770e-01,5.2780e-01,3.8810e+00,5.0210e-01,6.0000e+00,1.2000e+01,2.0000e+00,2.0000e+00,0.0000e+00,8.2950e+00,7.0740e+00,6.3070e+00,9.3100e+00,7.3820e+00,3.0800e+00,6.2000e+00,5.3630e+00,4.3940e+04,-7.2820e+01,-4.9920e+01,4.3250e+00,4.4340e+04
5.0300e-01,8.9982e-01,1.6390e+00,3.5310e+19,1.3280e+14,3.5440e+18,4.0350e+16,3.6140e+00,5.4570e-01,5.2300e-01,3.9510e+00,5.0140e-01,6.0000e+00,1.2000e+01,2.0000e+00,2.0000e+00,0.0000e+00,8.6320e+00,6.9840e+00,6.1920e+00,1.0130e+01,7.7100e+00,3.2790e+00,6.2990e+00,5.4070e+00,4.3260e+04,-1.0000e+02,6.3170e+01,4.3340e+00,4.3790e+04
5.0558e-01,8.9865e-01,1.6410e+00,3.4430e+19,1.3050e+14,3.4380e+18,3.8080e+16,3.5960e+00,5.3350e-01,5.1800e-01,4.0240e+00,5.0080e-01,6.0000e+00,1.2000e+01,2.0000e+00,2.0000e+00,0.0000e+00,8.9760e+00,6.8790e+00,6.0700e+00,1.0990e+01,8.0510e+00,3.5180e+00,6.3990e+00,5.4230e+00,4.2590e+04,-1.1230e+02,1.8410e+02,4.3270e+00,4.3250e+04
5.0814e-01,8.9749e-01,1.6430e+00,3.3540e+19,1.2830e+14,3.3270e+18,3.5930e+16,3.5720e+00,5.2110e-01,5.1270e-01,4.0980e+00,5.0010e-01,6.0000e+00,1.2000e+01,2.0000e+00,2.0000e+00,0.0000e+00,9.3260e+00,6.7630e+00,5.9430e+00,1.1910e+01,8.4050e+00,3.8020e+00,6.4980e+00,5.4080e+00,4.1930e+04,-1.1190e+02,3.1310e+02,4.3020e+00,4.2720e+04
5.1068e-01,8.9632e-01,1.6460e+00,3.2650e+19,1.2620e+14,3.2120e+18,3.3890e+16,3.5430e+00,5.0860e-01,5.0710e-01,4.1750e+00,4.9950e-01,6.0000e+00,1.2000e+01,2.0000e+00,2.0000e+00,0.0000e+00,9.6820e+00,6.6400e+00,5.8140e+00,1.2870e+01,8.7720e+00,4.1400e+00,6.5980e+00,5.3610e+00,4.1290e+04,-1.0290e+02,4.5020e+02,4.2590e+00,4.2200e+04
5.1320e-01,8.9514e-01,1.6480e+00,3.1750e+19,1.2410e+14,3.0930e+18,3.1970e+16,3.5080e+00,4.9590e-01,5.0100e-01,4.2540e+00,4.9880e-01,6.0000e+00,1.2000e+01,2.0000e+00,2.0000e+00,0.0000e+00,1.0040e+01,6.5160e+00,5.6870e+00,1.3880e+01,9.1510e+00,4.5380e+00,6.6980e+00,5.2800e+00,4.0680e+04,-8.9530e+01,5.9580e+02,4.1970e+00,4.1700e+04
5.1571e-01,8.9396e-01,1.6500e+00,3.0860e+19,1.2220e+14,2.9700e+18,3.0150e+16,3.4670e+00,4.8300e-01,4.9440e-01,4.3350e+00,4.9810e-01,6.0000e+00,1.2000e+01,2.0000e+00,2.0000e+00,0.0000e+00,1.0410e+01,6.3930e+00,5.5650e+00,1.4940e+01,9.5410e+00,5.0040e+00,6.7980e+00,5.1640e+00,4.0080e+04,-7.5830e+01,7.5010e+02,4.1170e+00,4.1210e+04
5.1819e-01,8.9278e-01,1.6530e+00,2.9960e+19,1.2030e+14,2.8450e+18,2.8430e+16,3.4190e+00,4.7010e-01,4.8730e-01,4.4180e+00,4.9750e-01,6.0000e+00,1.2000e+01,2.0000e+00,2.0000e+00,0.0000e+00,1.0790e+01,6.2780e+00,5.4500e+00,1.6060e+01,9.9420e+00,5.5440e+00,6.8990e+00,5.0120e+00,3.9520e+04,-6.5100e+01,9.1310e+02,4.0170e+00,4.0750e+04
5.2066e-01,8.9160e-01,1.6550e+00,2.9060e+19,1.1860e+14,2.7160e+18,2.6800e+16,3.3650e+00,4.5710e-01,4.7950e-01,4.5040e+00,4.9680e-01,6.0000e+00,1.2000e+01,2.0000e+00,2.0000e+00,0.0000e+00,1.1170e+01,6.1750e+00,5.3460e+00,1.7230e+01,1.0350e+01,6.1640e+00,7.0000e+00,4.8240e+00,3.8980e+04,-5.7430e+01,1.0850e+03,3.8980e+00,4.0300e+04
5.2311e-01,8.9041e-01,1.6570e+00,2.8170e+19,1.1690e+14,2.5860e+18,2.5270e+16,3.3060e+00,4.4400e-01,4.7110e-01,4.5920e+00,4.9620e-01,6.0000e+00,1.2000e+01,2.0000e+00,2.0000e+00,0.0000e+00,1.1560e+01,6.0890e+00,5.2560e+00,1.8450e+01,1.0770e+01,6.8720e+00,7.1030e+00,4.6030e+00,3.8470e+04,-5.2080e+01,1.2660e+03,3.7620e+00,3.9880e+04
5.2554e-01,8.8922e-01,1.6600e+00,2.7270e+19,1.1520e+14,2.4540e+18,2.3820e+16,3.2390e+00,4.3080e-01,4.6190e-01,4.6820e+00,4.9550e-01,6.0000e+00,1.2000e+01,2.0000e+00,2.0000e+00,0.0000e+00,1.1960e+01,6.0240e+00,5.1810e+00,1.9740e+01,1.1190e+01,7.6740e+00,7.2080e+00,4.3480e+00,3.8000e+04,-4.8300e+01,1.4550e+03,3.6080e+00,3.9480e+04
5.2795e-01,8.8803e-01,1.6620e+00,2.6390e+19,1.1360e+14,2.3210e+18,2.2460e+16,3.1670e+00,4.1770e-01,4.5190e-01,4.7750e+00,4.9480e-01,6.0000e+00,1.2000e+01,2.0000e+00,2.0000e+00,0.0000e+00,1.2370e+01,5.9870e+00,5.1250e+00,2.1080e+01,1.1610e+01,8.5750e+00,7.3140e+00,4.0630e+00,3.7570e+04,-4.5380e+01,1.6540e+03,3.4370e+00,3.9100e+04
5.3034e-01,8.8684e-01,1.6640e+00,2.5510e+19,1.1210e+14,2.1880e+18,2.1170e+16,3.0890e+00,4.0460e-01,4.4100e-01,4.8710e+00,4.9420e-01,6.0000e+00,1.2000e+01,2.0000e+00,2.0000e+00,0.0000e+00,1.2780e+01,5.9800e+00,5.0900e+00,2.2480e+01,1.2040e+01,9.5820e+00,7.4220e+00,3.7490e+00,3.7180e+04,-4.2700e+01,1.8620e+03,3.2510e+00,3.8750e+04
5.3272e-01,8.8564e-01,1.6670e+00,2.4630e+19,1.1060e+14,2.0550e+18,1.9960e+16,3.0040e+00,3.9150e-01,4.2920e-01,4.9700e+00,4.9350e-01,6.0000e+00,1.2000e+01,2.0000e+00,2.0000e+00,0.0000e+00,1.3200e+01,6.0070e+00,5.0770e+00,2.3940e+01,1.2450e+01,1.0700e+01,7.5330e+00,3.4110e+00,3.6820e+04,-4.0170e+01,2.0780e+03,3.0510e+00,3.8420e+04
5.3507e-01,8.8444e-01,1.6690e+00,2.3770e+19,1.0910e+14,1.9240e+18,1.8810e+16,2.9150e+00,3.7840e-01,4.1650e-01,5.0710e+00,4.9280e-01,6.0000e+00,1.2000e+01,2.0000e+00,2.0000e+00,0.0000e+00,1.3620e+01,6.0690e+00,5.0870e+00,2.5460e+01,1.2860e+01,1.1930e+01,7.6470e+00,3.0520e+00,3.6500e+04,-3.7800e+01,2.3030e+03,2.8390e+00,3.8120e+04
5.3741e-01,8.8324e-01,1.6710e+00,2.2910e+19,1.0760e+14,1.7940e+18,1.7730e+16,2.8200e+00,3.6560e-01,4.0290e-01,5.1750e+00,4.9220e-01,6.0000e+00,1.2000e+01,2.0000e+00,2.0000e+00,0.0000e+00,1.4040e+01,6.1680e+00,5.1200e+00,2.7050e+01,1.3260e+01,1.3270e+01,7.7630e+00,2.6780e+00,3.6230e+04,-3.5630e+01,2.5360e+03,2.6170e+00,3.7850e+04
5.3973e-01,8.8204e-01,1.6730e+00,2.2070e+19,1.0620e+14,1.6670e+18,1.6710e+16,2.7200e+00,3.5280e-01,3.8830e-01,5.2830e+00,4.9150e-01,6.0000e+00,1.2000e+01,2.0000e+00,2.0000e+00,0.0000e+00,1.4470e+01,6.3050e+00,5.1780e+00,2.8690e+01,1.3630e+01,1.4730e+01,7.8840e+00,2.2940e+00,3.5990e+04,-3.3690e+01,2.7780e+03,2.3870e+00,3.7600e+04
5.4203e-01,8.8084e-01,1.6750e+00,2.1240e+19,1.0480e+14,1.5420e+18,1.5750e+16,2.6150e+00,3.4030e-01,3.7280e-01,5.3930e+00,4.9080e-01,6.0000e+00,1.2000e+01,2.0000e+00,2.0000e+00,0.0000e+00,1.4900e+01,6.4820e+00,5.2610e+00,3.0400e+01,1.3980e+01,1.6320e+01,8.0080e+00,1.9040e+00,3.5800e+04,-3.1980e+01,3.0270e+03,2.1510e+00,3.7380e+04
5.4432e-01,8.7964e-01,1.6780e+00,2.0420e+19,1.0330e+14,1.4220e+18,1.4850e+16,2.5070e+00,3.2800e-01,3.5650e-01,5.5070e+00,4.9020e-01,6.0000e+00,1.2000e+01,2.0000e+00,2.0000e+00,0.0000e+00,1.5330e+01,6.6960e+00,5.3680e+00,3.2170e+01,1.4300e+01,1.8020e+01,8.1360e+00,1.5140e+00,3.5640e+04,-3.0480e+01,3.2840e+03,1.9110e+00,3.7180e+04
5.4658e-01,8.7844e-01,1.6800e+00,1.9620e+19,1.0190e+14,1.3050e+18,1.4000e+16,2.3960e+00,3.1590e-01,3.3940e-01,5.6250e+00,4.8950e-01,6.0000e+00,1.2000e+01,2.0000e+00,2.0000e+00,0.0000e+00,1.5750e+01,6.9440e+00,5.4960e+00,3.4000e+01,1.4580e+01,1.9840e+01,8.2690e+00,1.1290e+00,3.5520e+04,-2.9150e+01,3.5480e+03,1.6700e+00,3.7010e+04
5.4883e-01,8.7723e-01,1.6820e+00,1.8830e+19,1.0050e+14,1.1930e+18,1.3200e+16,2.2810e+00,3.0420e-01,3.2170e-01,5.7460e+00,4.8880e-01,6.0000e+00,1.2000e+01,2.0000e+00,2.0000e+00,0.0000e+00,1.6160e+01,7.2240e+00,5.6450e+00,3.5890e+01,1.4820e+01,2.1790e+01,8.4060e+00,7.5360e-01,3.5440e+04,-2.7940e+01,3.8190e+03,1.4300e+00,3.6870e+04
5.5106e-01,8.7603e-01,1.6840e+00,1.8060e+19,9.9020e+13,1.0860e+18,1.2440e+16,2.1650e+00,2.9290e-01,3.0350e-01,5.8710e+00,4.8820e-01,6.0000e+00,1.2000e+01,2.0000e+00,2.0000e+00,0.0000e+00,1.6550e+01,7.5320e+00,5.8130e+00,3.7830e+01,1.4990e+01,2.3860e+01,8.5480e+00,3.9380e-01,3.5390e+04,-2.6820e+01,4.0950e+03,1.1930e+00,3.6740e+04
5.5327e-01,8.7482e-01,1.6860e+00,1.7310e+19,9.7560e+13,9.8400e+17,1.1730e+16,2.0470e+00,2.8190e-01,2.8480e-01,6.0000e+00,4.8750e-01,6.0000e+00,1.2000e+01,2.0000e+00,2.0000e+00,0.0000e+00,1.6940e+01,7.8660e+00,5.9980e+00,3.9840e+01,1.5110e+01,2.6040e+01,8.6950e+00,5.3950e-02,3.5370e+04,-2.5740e+01,4.3770e+03,9.6200e-01,3.6640e+04
5.5547e-01,8.7362e-01,1.6890e+00,1.6580e+19,9.6080e+13,8.8790e+17,1.1060e+16,1.9280e+00,2.7130e-01,2.6580e-01,6.1340e+00,4.8680e-01,6.0000e+00,1.2000e+01,2.0000e+00,2.0000e+00,0.0000e+00,1.7290e+01,8.2180e+00,6.1960e+00,4.1890e+01,1.5160e+01,2.8350e+01,8.8470e+00,-2.6290e-01,3.5380e+04,-2.4700e+01,4.6630e+03,7.3800e-01,3.6570e+04
5.5764e-01,8.7241e-01,1.6910e+00,1.5870e+19,9.4580e+13,7.9770e+17,1.0430e+16,1.8090e+00,2.6130e-01,2.4670e-01,6.2710e+00,4.8610e-01,6.0000e+00,1.2000e+01,2.0000e+00,2.0000e+00,0.0000e+00,1.7620e+01,8.5840e+00,6.4070e+00,4.3990e+01,1.5140e+01,3.0780e+01,9.0050e+00,-5.5440e-01,3.5420e+04,-2.3700e+01,4.9530e+03,5.2310e-01,3.6510e+04
5.5980e-01,8.7121e-01,1.6930e+00,1.5190e+19,9.3070e+13,7.1340e+17,9.8400e+15,1.6910e+00,2.5160e-01,2.2780e-01,6.4140e+00,4.8550e-01,6.0000e+00,1.2000e+01,2.0000e+00,2.0000e+00,0.0000e+00,1.7920e+01,8.9570e+00,6.6250e+00,4.6120e+01,1.5040e+01,3.3320e+01,9.1670e+00,-8.1820e-01,3.5490e+04,-2.2740e+01,5.2470e+03,3.1880e-01,3.6480e+04
5.6194e-01,8.7000e-01,1.6950e+00,1.4530e+19,9.1540e+13,6.3520e+17,9.2820e+15,1.5750e+00,2.4250e-01,2.0900e-01,6.5610e+00,4.8480e-01,6.0000e+00,1.2000e+01,2.0000e+00,2.0000e+00,0.0000e+00,1.8170e+01,9.3310e+00,6.8480e+00,4.8290e+01,1.4860e+01,3.5970e+01,9.3350e+00,-1.0520e+00,3.5570e+04,-2.1820e+01,5.5430e+03,1.2670e-01,3.6460e+04
5.6406e-01,8.6880e-01,1.6970e+00,1.3890e+19,8.9990e+13,5.6320e+17,8.7560e+15,1.4600e+00,2.3400e-01,1.9070e-01,6.7130e+00,4.8410e-01,6.0000e+00,1.2000e+01,2.0000e+00,2.0000e+00,0.0000e+00,1.8370e+01,9.6990e+00,7.0730e+00,5.0470e+01,1.4590e+01,3.8740e+01,9.5070e+00,-1.2530e+00,3.5670e+04,-2.0930e+01,5.8410e+03,-5.1590e-02,3.6460e+04
5.6617e-01,8.6760e-01,1.6990e+00,1.3290e+19,8.8440e+13,4.9730e+17,8.2610e+15,1.3480e+00,2.2590e-01,1.7290e-01,6.8710e+00,4.8350e-01,6.0000e+00,1.2000e+01,2.0000e+00,2.0000e+00,0.0000e+00,1.8520e+01,1.0050e+01,7.2960e+00,5.2660e+01,1.4230e+01,4.1610e+01,9.6850e+00,-1.4230e+00,3.5790e+04,-2.0090e+01,6.1390e+03,-2.1550e-01,3.6470e+04
5.6825e-01,8.6639e-01,1.7020e+00,1.2710e+19,8.6870e+13,4.3730e+17,7.7960e+15,1.2390e+00,2.1850e-01,1.5580e-01,7.0340e+00,4.8280e-01,6.0000e+00,1.2000e+01,2.0000e+00,2.0000e+00,0.0000e+00,1.8610e+01,1.0390e+01,7.5140e+00,5.4820e+01,1.3790e+01,4.4580e+01,9.8660e+00,-1.5620e+00,3.5920e+04,-1.9280e+01,6.4370e+03,-3.6470e-01,3.6500e+04
5.7031e-01,8.6519e-01,1.7040e+00,1.2150e+19,8.5310e+13,3.8290e+17,7.3580e+15,1.1350e+00,2.1150e-01,1.3940e-01,7.2030e+00,4.8210e-01,6.0000e+00,1.2000e+01,2.0000e+00,2.0000e+00,0.0000e+00,1.8630e+01,1.0690e+01,7.7230e+00,5.6940e+01,1.3280e+01,4.7650e+01,1.0050e+01,-1.6700e+00,3.6070e+04,-1.8490e+01,6.7350e+03,-4.9860e-01,3.6540e+04
5.7236e-01,8.6399e-01,1.7060e+00,1.1630e+19,8.3740e+13,3.3410e+17,6.9470e+15,1.0350e+00,2.0510e-01,1.2400e-01,7.3770e+00,4.8140e-01,6.0000e+00,1.2000e+01,2.0000e+00,2.0000e+00,0.0000e+00,1.8570e+01,1.0960e+01,7.9190e+00,5.8980e+01,1.2690e+01,5.0790e+01,1.0240e+01,-1.7490e+00,3.6220e+04,-1.7730e+01,7.0300e+03,-6.1680e-01,3.6590e+04
5.7438e-01,8.6279e-01,1.7080e+00,1.1140e+19,8.2180e+13,2.9060e+17,6.5600e+15,9.4020e-01,1.9930e-01,1.0960e-01,7.5580e+00,4.8080e-01,6.0000e+00,1.2000e+01,2.0000e+00,2.0000e+00,0.0000e+00,1.8430e+01,1.1190e+01,8.0990e+00,6.0910e+01,1.2040e+01,5.4010e+01,1.0430e+01,-1.7990e+00,3.6370e+04,-1.6980e+01,7.3230e+03,-7.1910e-01,3.6640e+04
5.7639e-01,8.6160e-01,1.7100e+00,1.0670e+19,8.0620e+13,2.5210e+17,6.1970e+15,8.5110e-01,1.9390e-01,9.6320e-02,7.7450e+00,4.8010e-01,6.0000e+00,1.2000e+01,2.0000e+00,2.0000e+00,0.0000e+00,1.8210e+01,1.1370e+01,8.2600e+00,6.2670e+01,1.1340e+01,5.7270e+01,1.0620e+01,-1.8220e+00,3.6520e+04,-1.6260e+01,7.6120e+03,-8.0580e-01,3.6710e+04
5.7837e-01,8.6041e-01,1.7130e+00,1.0240e+19,7.9080e+13,2.1820e+17,5.8570e+15,7.6790e-01,1.8910e-01,8.4090e-02,7.9380e+00,4.7950e-01,6.0000e+00,1.2000e+01,2.0000e+00,2.0000e+00,0.0000e+00,1.7900e+01,1.1500e+01,8.3980e+00,6.4190e+01,1.0590e+01,6.0550e+01,1.0810e+01,-1.8220e+00,3.6680e+04,-1.5550e+01,7.8970e+03,-8.7740e-01,3.6780e+04
5.8033e-01,8.5922e-01,1.7150e+00,9.8310e+18,7.7560e+13,1.8850e+17,5.5370e+15,6.9090e-01,1.8480e-01,7.2950e-02,8.1380e+00,4.7880e-01,6.0000e+00,1.2000e+01,2.0000e+00,2.0000e+00,0.0000e+00,1.7510e+01,1.1570e+01,8.5100e+00,6.5400e+01,9.8260e+00,6.3820e+01,1.0980e+01,-1.7990e+00,3.6840e+04,-1.4850e+01,8.1770e+03,-9.3460e-01,3.6860e+04
5.8228e-01,8.5804e-01,1.7170e+00,9.4540e+18,7.6070e+13,1.6270e+17,5.2390e+15,6.2030e-01,1.8090e-01,6.2910e-02,8.3450e+00,4.7810e-01,6.0000e+00,1.2000e+01,2.0000e+00,2.0000e+00,0.0000e+00,1.7030e+01,1.1580e+01,8.5930e+00,6.6210e+01,9.0480e+00,6.7030e+01,1.1150e+01,-1.7580e+00,3.6990e+04,-1.4170e+01,8.4510e+03,-9.7770e-01,3.6940e+04
5.8420e-01,8.5687e-01,1.7200e+00,9.1060e+18,7.4610e+13,1.4050e+17,4.9590e+15,5.5640e-01,1.7750e-01,5.3990e-02,8.5580e+00,4.7750e-01,6.0000e+00,1.2000e+01,2.0000e+00,2.0000e+00,0.0000e+00,1.6470e+01,1.1520e+01,8.6450e+00,6.6570e+01,8.2740e+00,7.0160e+01,1.1310e+01,-1.6990e+00,3.7130e+04,-1.3500e+01,8.7180e+03,-1.0070e+00,3.7030e+04
5.8610e-01,8.5570e-01,1.7220e+00,8.7860e+18,7.3180e+13,1.2150e+17,4.6990e+15,4.9890e-01,1.7440e-01,4.6110e-02,8.7770e+00,4.7680e-01,6.0000e+00,1.2000e+01,2.0000e+00,2.0000e+00,0.0000e+00,1.5830e+01,1.1400e+01,8.6640e+00,6.6390e+01,7.5160e+00,7.3110e+01,1.1460e+01,-1.6260e+00,3.7270e+04,-1.2850e+01,8.9780e+03,-1.0250e+00,3.7110e+04
5.8799e-01,8.5454e-01,1.7250e+00,8.4930e+18,7.1800e+13,1.0540e+17,4.4560e+15,4.4780e-01,1.7170e-01,3.9210e-02,9.0030e+00,4.7620e-01,6.0000e+00,1.2000e+01,2.0000e+00,2.0000e+00,0.0000e+00,1.5130e+01,1.1220e+01,8.6500e+00,6.5610e+01,6.7860e+00,7.5790e+01,1.1580e+01,-1.5410e+00,3.7400e+04,-1.2220e+01,9.2300e+03,-1.0310e+00,3.7200e+04
5.8985e-01,8.5338e-01,1.7270e+00,8.2250e+18,7.0450e+13,9.1830e+16,4.2300e+15,4.0260e-01,1.6940e-01,3.3230e-02,9.2350e+00,4.7550e-01,6.0000e+00,1.2000e+01,2.0000e+00,2.0000e+00,0.0000e+00,1.4380e+01,1.0980e+01,8.6040e+00,6.4150e+01,6.0950e+00,7.8090e+01,1.1700e+01,-1.4450e+00,3.7520e+04,-1.1600e+01,9.4730e+03,-1.0270e+00,3.7280e+04
5.9169e-01,8.5224e-01,1.7300e+00,7.9820e+18,6.9160e+13,8.0440e+16,4.0210e+15,3.6330e-01,1.6730e-01,2.8090e-02,9.4730e+00,4.7490e-01,6.0000e+00,1.2000e+01,2.0000e+00,2.0000e+00,0.0000e+00,1.3580e+01,1.0680e+01,8.5240e+00,6.1940e+01,5.4560e+00,7.9910e+01,1.1790e+01,-1.3430e+00,3.7640e+04,-1.0990e+01,9.7070e+03,-1.0140e+00,3.7360e+04
5.9351e-01,8.5110e-01,1.7330e+00,7.7620e+18,6.7920e+13,7.0930e+16,3.8270e+15,3.2950e-01,1.6550e-01,2.3720e-02,9.7160e+00,4.7430e-01,6.0000e+00,1.2000e+01,2.0000e+00,2.0000e+00,0.0000e+00,1.2760e+01,1.0320e+01,8.4120e+00,5.8940e+01,4.8770e+00,8.1140e+01,1.1870e+01,-1.2360e+00,3.7740e+04,-1.0400e+01,9.9320e+03,-9.9290e-01,3.7440e+04
5.9531e-01,8.4996e-01,1.7360e+00,7.5640e+18,6.6730e+13,6.3060e+16,3.6480e+15,3.0080e-01,1.6390e-01,2.0050e-02,9.9640e+00,4.7360e-01,6.0000e+00,1.2000e+01,2.0000e+00,2.0000e+00,0.0000e+00,1.1910e+01,9.9210e+00,8.2650e+00,5.5270e+01,4.3590e+00,8.1620e+01,1.1910e+01,-1.1250e+00,3.7830e+04,-9.8300e+00,1.0150e+04,-9.6470e-01,3.7520e+04
5.9708e-01,8.4884e-01,1.7390e+00,7.3860e+18,6.5600e+13,5.6610e+16,3.4830e+15,2.7670e-01,1.6260e-01,1.6990e-02,1.0220e+01,4.7300e-01,6.0000e+00,1.2000e+01,2.0000e+00,2.0000e+00,0.0000e+00,1.1060e+01,9.4790e+00,8.0850e+00,5.1070e+01,3.9000e+00,8.1160e+01,1.1920e+01,-1.0140e+00,3.7920e+04,-9.2690e+00,1.0350e+04,-9.3050e-01,3.7600e+04
5.9884e-01,8.4771e-01,1.7420e+00,7.2270e+18,6.4520e+13,5.1380e+16,3.3330e+15,2.5650e-01,1.6140e-01,1.4470e-02,1.0470e+01,4.7240e-01,6.0000e+00,1.2000e+01,2.0000e+00,2.0000e+00,0.0000e+00,1.0200e+01,9.0010e+00,7.8710e+00,4.6480e+01,3.4980e+00,7.9580e+01,1.1870e+01,-9.0300e-01,3.7990e+04,-8.7200e+00,1.0550e+04,-8.9100e-01,3.7670e+04
6.0056e-01,8.4660e-01,1.7450e+00,7.0860e+18,6.3510e+13,4.7140e+16,3.1950e+15,2.4000e-01,1.6030e-01,1.2400e-02,1.0730e+01,4.7180e-01,6.0000e+00,1.2000e+01,2.0000e+00,2.0000e+00,0.0000e+00,9.3630e+00,8.4950e+00,7.6220e+00,4.1660e+01,3.1490e+00,7.6700e+01,1.1760e+01,-7.9520e-01,3.8060e+04,-8.1810e+00,1.0730e+04,-8.4730e-01,3.7740e+04
6.0227e-01,8.4549e-01,1.7490e+00,6.9610e+18,6.2560e+13,4.3700e+16,3.0690e+15,2.2650e-01,1.5940e-01,1.0720e-02,1.0980e+01,4.7110e-01,6.0000e+00,1.2000e+01,2.0000e+00,2.0000e+00,0.0000e+00,8.5460e+00,7.9680e+00,7.3400e+00,3.6740e+01,2.8530e+00,7.2440e+01,1.1590e+01,-6.9190e-01,3.8120e+04,-7.6510e+00,1.0900e+04,-8.0030e-01,3.7800e+04
6.0394e-01,8.4438e-01,1.7530e+00,6.8500e+18,6.1670e+13,4.0940e+16,2.9560e+15,2.1560e-01,1.5850e-01,9.3730e-03,1.1240e+01,4.7050e-01,6.0000e+00,1.2000e+01,2.0000e+00,2.0000e+00,0.0000e+00,7.7620e+00,7.4300e+00,7.0330e+00,3.1880e+01,2.6050e+00,6.7080e+01,1.1360e+01,-5.9400e-01,3.8160e+04,-7.1350e+00,1.1060e+04,-7.5120e-01,3.7860e+04
6.0560e-01,8.4329e-01,1.7560e+00,6.7530e+18,6.0840e+13,3.8740e+16,2.8530e+15,2.0700e-01,1.5770e-01,8.3020e-03,1.1490e+01,4.6990e-01,6.0000e+00,1.2000e+01,2.0000e+00,2.0000e+00,0.0000e+00,7.0200e+00,6.8930e+00,6.7100e+00,2.7240e+01,2.4020e+00,6.1000e+01,1.1090e+01,-5.0220e-01,3.8200e+04,-6.6390e+00,1.1210e+04,-7.0130e-01,3.7910e+04
6.0723e-01,8.4220e-01,1.7610e+00,6.6670e+18,6.0080e+13,3.7010e+16,2.7610e+15,2.0030e-01,1.5710e-01,7.4620e-03,1.1740e+01,4.6930e-01,6.0000e+00,1.2000e+01,2.0000e+00,2.0000e+00,0.0000e+00,6.3280e+00,6.3680e+00,6.3790e+00,2.2970e+01,2.2390e+00,5.4580e+01,1.0790e+01,-4.1730e-01,3.8240e+04,-6.1700e+00,1.1350e+04,-6.5180e-01,3.7960e+04
6.0884e-01,8.4112e-01,1.7650e+00,6.5930e+18,5.9370e+13,3.5640e+16,2.6790e+15,1.9500e-01,1.5640e-01,6.8040e-03,1.1980e+01,4.6870e-01,6.0000e+00,1.2000e+01,2.0000e+00,2.0000e+00,0.0000e+00,5.6940e+00,5.8660e+00,6.0510e+00,1.9220e+01,2.1120e+00,4.8210e+01,1.0490e+01,-3.3980e-01,3.8260e+04,-5.7320e+00,1.1480e+04,-6.0390e-01,3.8010e+04
6.1042e-01,8.4005e-01,1.7700e+00,6.5280e+18,5.8730e+13,3.4540e+16,2.6060e+15,1.9090e-01,1.5580e-01,6.2820e-03,1.2220e+01,4.6810e-01,6.0000e+00,1.2000e+01,2.0000e+00,2.0000e+00,0.0000e+00,5.1280e+00,5.4010e+00,5.7360e+00,1.6110e+01,2.0200e+00,4.2190e+01,1.0190e+01,-2.7050e-01,3.8280e+04,-5.3330e+00,1.1600e+04,-5.5900e-01,3.8050e+04
6.1195e-01,8.3900e-01,1.7750e+00,6.4720e+18,5.8140e+13,3.3670e+16,2.5410e+15,1.8770e-01,1.5530e-01,5.8770e-03,1.2440e+01,4.6750e-01,6.0000e+00,1.2000e+01,2.0000e+00,2.0000e+00,0.0000e+00,4.6370e+00,4.9850e+00,5.4510e+00,1.3610e+01,1.9600e+00,3.6650e+01,9.9400e+00,-2.0930e-01,3.8300e+04,-4.9860e+00,1.1710e+04,-5.1860e-01,3.8080e+04
6.1341e-01,8.3795e-01,1.7790e+00,6.4240e+18,5.7620e+13,3.2990e+16,2.4850e+15,1.8530e-01,1.5470e-01,5.5700e-03,1.2660e+01,4.6690e-01,6.0000e+00,1.2000e+01,2.0000e+00,2.0000e+00,0.0000e+00,4.2300e+00,4.6340e+00,5.2170e+00,1.1620e+01,1.9340e+00,3.1610e+01,9.7570e+00,-1.5620e-01,3.8310e+04,-4.7030e+00,1.1810e+04,-4.8450e-01,3.8120e+04
6.1478e-01,8.3690e-01,1.7840e+00,6.3830e+18,5.7150e+13,3.2480e+16,2.4360e+15,1.8360e-01,1.5430e-01,5.3450e-03,1.2860e+01,4.6640e-01,6.0000e+00,1.2000e+01,2.0000e+00,2.0000e+00,0.0000e+00,3.9130e+00,4.3640e+00,5.0520e+00,1.0080e+01,1.9430e+00,2.7120e+01,9.6760e+00,-1.1110e-01,3.8320e+04,-4.4960e+00,1.1890e+04,-4.5820e-01,3.8140e+04
6.1602e-01,8.3587e-01,1.7890e+00,6.3490e+18,5.6730e+13,3.2100e+16,2.3950e+15,1.8240e-01,1.5380e-01,5.1860e-03,1.3040e+01,4.6580e-01,6.0000e+00,1.2000e+01,2.0000e+00,2.0000e+00,0.0000e+00,3.6950e+00,4.1870e+00,4.9760e+00,8.8920e+00,1.9870e+00,2.3220e+01,9.7270e+00,-7.4000e-02,3.8320e+04,-4.3800e+00,1.1970e+04,-4.4150e-01,3.8170e+04
6.1712e-01,8.3483e-01,1.7940e+00,6.3210e+18,5.6380e+13,3.1820e+16,2.3600e+15,1.8160e-01,1.5350e-01,5.0770e-03,1.3200e+01,4.6520e-01,6.0000e+00,1.2000e+01,2.0000e+00,2.0000e+00,0.0000e+00,3.5830e+00,4.1210e+00,5.0080e+00,7.9900e+00,2.0650e+00,1.9960e+01,9.9430e+00,-4.4740e-02,3.8330e+04,-4.3660e+00,1.2040e+04,-4.3600e-01,3.8190e+04
6.1805e-01,8.3380e-01,1.7990e+00,6.2970e+18,5.6070e+13,3.1610e+16,2.3300e+15,1.8100e-01,1.5310e-01,5.0000e-03,1.3350e+01,4.6460e-01,6.0000e+00,1.2000e+01,2.0000e+00,2.0000e+00,0.0000e+00,3.5850e+00,4.1790e+00,5.1670e+00,7.2900e+00,2.1800e+00,1.7380e+01,1.0350e+01,-2.3290e-02,3.8330e+04,-4.4680e+00,1.2090e+04,-4.4340e-01,3.8210e+04
6.1879e-01,8.3277e-01,1.8030e+00,6.2790e+18,5.5820e+13,3.1450e+16,2.3070e+15,1.8060e-01,1.5280e-01,4.9390e-03,1.3470e+01,4.6400e-01,6.0000e+00,1.2000e+01,2.0000e+00,2.0000e+00,0.0000e+00,3.7080e+00,4.3760e+00,5.4740e+00,6.7140e+00,2.3320e+00,1.5510e+01,1.0990e+01,-9.5730e-03,3.8330e+04,-4.6980e+00,1.2140e+04,-4.6530e-01,3.8220e+04
6.1930e-01,8.3174e-01,1.8070e+00,6.2640e+18,5.5620e+13,3.1300e+16,2.2880e+15,1.8020e-01,1.5260e-01,4.8780e-03,1.3570e+01,4.6350e-01,6.0000e+00,1.2000e+01,2.0000e+00,2.0000e+00,0.0000e+00,3.9620e+00,4.7270e+00,5.9470e+00,6.1800e+00,2.5200e+00,1.4420e+01,1.1890e+01,-3.5300e-03,3.8330e+04,-5.0710e+00,1.2180e+04,-5.0350e-01,3.8230e+04
6.1957e-01,8.3070e-01,1.8100e+00,6.2510e+18,5.5470e+13,3.1120e+16,2.2740e+15,1.7960e-01,1.5240e-01,4.8000e-03,1.3650e+01,4.6290e-01,6.0000e+00,1.2000e+01,2.0000e+00,2.0000e+00,0.0000e+00,4.3530e+00,5.2470e+00,6.6050e+00,5.6110e+00,2.7460e+00,1.4120e+01,1.3070e+01,-5.0870e-03,3.8330e+04,-5.5970e+00,1.2210e+04,-5.5950e-01,3.8240e+04
